Group-Name,Group-ID,In/Out,Protocol,Port,Source/Destination
SG-Treadstone-DB,sg-00172d67
,,Inbound
,,,All,All,10.0.0.0/8
,,Outbound
,,,All,All,0.0.0.0/0
SG-TS-INT-ON-PREM,sg-00379879
,,Inbound
,,,tcp,4544,0.0.0.0/0
,,Outbound
,,,All,All,0.0.0.0/0
SG-PD-Edge25,sg-01141672e47b2f01d
,,Inbound
,,,tcp,25,0.0.0.0/0
,,,tcp,50636,10.0.0.0/8
,,Outbound
,,,All,All,0.0.0.0/0
SG-DV-MGMT-HTTPS-IN,sg-014efa4380868dac6
,,Inbound
,,,tcp,443,10.0.0.0/8
,,Outbound
,,,All,All,0.0.0.0/0
TaniumProd-TaniumZoneServerSG-1T40QK6RNLCNS-SecurityGroup-WV615U3KKY5B,sg-01531dd14333ccda1
,,Inbound
,,,tcp,17472,0.0.0.0/0
,,,tcp,17444,0.0.0.0/0
,,,tcp,17449,sg-0f321993690156a5d
,,Outbound
,,,All,All,0.0.0.0/0
default,sg-019f64bcccb82acae
,,Inbound
,,,All,All,sg-019f64bcccb82acae
,,Outbound
,,,All,All,0.0.0.0/0
FlexeraFlexNetPublisherSG,sg-01a127f4f09e7bd1a
,,Inbound
,,,tcp,27009,10.0.0.0/8
,,,tcp,8090,10.0.0.0/8
,,Outbound
,,,All,All,0.0.0.0/0
SG-SS-WEB,sg-01ab417b
,,Inbound
,,,tcp,3443,10.0.0.0/8
,,,tcp,80,10.0.0.0/8
,,,tcp,443,10.0.0.0/8
,,Outbound
,,,All,All,0.0.0.0/0
CloudEndure Machine Converter,sg-01e1e4e05785e22b0
,,Inbound
,,Outbound
,,,tcp,80,0.0.0.0/0
,,,udp,53,0.0.0.0/0
,,,tcp,443,0.0.0.0/0
dev-jde,sg-0212b965
,,Inbound
,,,All,All,10.0.0.0/8
,,Outbound
,,,All,All,0.0.0.0/0
TaniumProd-TaniumZoneServerSG-1T40QK6RNLCNS-SecurityGroup-WV615U3KKY5B,sg-022d79cf4e6446966
,,Inbound
,,,tcp,17472,0.0.0.0/0
,,,tcp,17444,0.0.0.0/0
,,,tcp,17449,10.57.129.160/32
,,Outbound
,,,All,All,0.0.0.0/0
edwards-test-exch-security-groups-AsgClientSecurityGroup-1FVDSZKSOZFXA,sg-0231cd1de8b4106e6
,,Inbound
,,,tcp,80,0.0.0.0/0
,,,tcp,443,0.0.0.0/0
,,Outbound
,,,All,All,0.0.0.0/0
launch-wizard-28,sg-02415f874f0bcdb3b
,,Inbound
,,,tcp,22,0.0.0.0/0
,,Outbound
,,,All,All,0.0.0.0/0
default,sg-0256daa12b89df64d
,,Inbound
,,,All,All,sg-0256daa12b89df64d
,,Outbound
,,,All,All,0.0.0.0/0
SG-PD-BMSAPP-new,sg-0259d4ec38d39321c
,,Inbound
,,,tcp,27009,10.39.48.31/32
,,,tcp,27009,10.39.48.32/28
,,,tcp,27009,10.39.48.191/32
,,,tcp,27009,10.39.48.192/28
,,,tcp,502,10.39.48.31/32
,,,tcp,502,10.39.48.32/28
,,,tcp,502,10.39.48.191/32
,,,tcp,502,10.39.48.192/28
,,,tcp,8888,10.39.48.31/32
,,,tcp,8888,10.39.48.32/28
,,,tcp,8888,10.39.48.191/32
,,,tcp,8888,10.39.48.192/28
,,,tcp,7001,10.39.48.31/32
,,,tcp,7001,10.39.48.32/28
,,,tcp,7001,10.39.48.191/32
,,,tcp,7001,10.39.48.192/28
,,,tcp,65535,10.39.48.31/32
,,,tcp,65535,10.39.48.32/28
,,,tcp,65535,10.39.48.191/32
,,,tcp,65535,10.39.48.192/28
,,,tcp,33478,10.39.48.31/32
,,,tcp,33478,10.39.48.32/28
,,,tcp,33478,10.39.48.191/32
,,,tcp,33478,10.39.48.192/28
,,Outbound
,,,All,All,0.0.0.0/0
SG-TS-TOPPWEB,sg-0289c37d
,,Inbound
,,,tcp,9091,10.0.0.0/8
,,,tcp,9090,10.0.0.0/8
,,,tcp,8082,10.0.0.0/8
,,,tcp,8172,10.0.0.0/8
,,Outbound
,,,All,All,0.0.0.0/0
SG-PD-BMS-APP,sg-02aa6c19f59361905
,,Inbound
,,Outbound
,,,All,All,0.0.0.0/0
nfox-tmp,sg-02ae027b
,,Inbound
,,,tcp,3389,207.38.43.28/32
,,Outbound
,,,All,All,0.0.0.0/0
bubble-test,sg-02d14479
,,Inbound
,,Outbound
,,,All,All,0.0.0.0/0
AWORFASCLS01-InternalSecurityGroup,sg-030af1be1edfc89ec
,,Inbound
,,,All,All,sg-030af1be1edfc89ec
,,Outbound
,,,All,All,sg-030af1be1edfc89ec
SG-SS-JDE-MobileApps,sg-030d4879
,,Inbound
,,,tcp,7445,0.0.0.0/0
,,,tcp,7444,0.0.0.0/0
,,,tcp,7447,0.0.0.0/0
,,,tcp,7446,0.0.0.0/0
,,,tcp,7443,0.0.0.0/0
,,Outbound
,,,All,All,0.0.0.0/0
TaniumDev-TaniumModuleServerSG-1X1M965FUJPE0-SecurityGroup-ICIPD1U65P38,sg-032884c7395ceb81e
,,Inbound
,,,tcp,17444,0.0.0.0/0
,,,tcp,22,0.0.0.0/0
,,,tcp,17477,sg-0a3f61872963f5645
,,,tcp,17443,0.0.0.0/0
,,Outbound
,,,All,All,0.0.0.0/0
default,sg-035562c6d19f49499
,,Inbound
,,,All,All,sg-035562c6d19f49499
,,Outbound
,,,All,All,0.0.0.0/0
launch-wizard-17,sg-0359da78
,,Inbound
,,,tcp,22,0.0.0.0/0
,,Outbound
,,,All,All,0.0.0.0/0
d-926720da8e_controllers,sg-0384e57b
,,Inbound
,,,All,All,sg-0384e57b
,,Outbound
,,,All,All,0.0.0.0/0
SG-TS-Port 9389,sg-03a5e472
,,Inbound
,,,tcp,9389,10.57.96.0/19
,,Outbound
,,,All,All,0.0.0.0/0
test-test,sg-03e9503c845b57d29
,,Inbound
,,,tcp,9091,10.0.0.0/8
,,Outbound
,,,All,All,0.0.0.0/0
SS-WG-ONICA,sg-040108600474e96a9
,,Inbound
,,,All,All,0.0.0.0/0
,,,All,All,::/0
,,Outbound
,,,All,All,0.0.0.0/0
SG-SS-GDR-EFS,sg-040955c7a3036b21c
,,Inbound
,,,tcp,111,sg-040955c7a3036b21c
,,,udp,111,sg-040955c7a3036b21c
,,,tcp,2049,sg-040955c7a3036b21c
,,Outbound
,,,All,All,0.0.0.0/0
SG-TS-MGMT-HTTP-HTTPS-SSH-IN,sg-0415807b4db867009
,,Inbound
,,,tcp,80,10.0.0.0/8
,,,tcp,22,10.0.0.0/8
,,,tcp,443,10.0.0.0/8
,,Outbound
,,,All,All,0.0.0.0/0
edwards-test-exch-security-groups-AsgSecurityGroup-37JKUK25W7UG,sg-0436ce647bee7df61
,,Inbound
,,,tcp,80,0.0.0.0/0
,,,tcp,80,sg-08f257c3088bbd7ff
,,,tcp,22,10.57.143.221/32
,,,tcp,443,0.0.0.0/0
,,,tcp,443,sg-08f257c3088bbd7ff
,,Outbound
,,,All,All,0.0.0.0/0
CloudEndure Replicator Security Group,sg-045fcf9d272536879
,,Inbound
,,,tcp,1500,0.0.0.0/0
,,Outbound
,,,tcp,80,0.0.0.0/0
,,,udp,53,0.0.0.0/0
,,,tcp,443,0.0.0.0/0
SG-LIMS-APP,sg-046f7463
,,Inbound
,,,All,All,10.0.0.0/8
,,Outbound
,,,All,All,0.0.0.0/0
SG-PD-BMSAPP-2,sg-04c00962967b1b8f3
,,Inbound
,,,tcp,48808,10.39.48.31/32
,,,tcp,48808,10.39.48.32/28
,,,tcp,48808,10.39.48.191/32
,,,tcp,48808,10.39.48.192/28
,,,tcp,4444,10.39.48.31/32
,,,tcp,4444,10.39.48.32/28
,,,tcp,4444,10.39.48.191/32
,,,tcp,4444,10.39.48.192/28
,,,tcp,1628,10.39.48.31/32
,,,tcp,1628,10.39.48.32/28
,,,tcp,1628,10.39.48.191/32
,,,tcp,1628,10.39.48.192/28
,,Outbound
,,,All,All,0.0.0.0/0
edwards-prod-ibcm-security-groups-AsgSecurityGroup-JSHYC35KHUHZ,sg-04de695c298d02fba
,,Inbound
,,,tcp,80,0.0.0.0/0
,,,tcp,80,sg-0989d223f9e18d284
,,,tcp,8080,0.0.0.0/0
,,,tcp,4248,0.0.0.0/0
,,,tcp,4248,sg-0989d223f9e18d284
,,,tcp,4244,0.0.0.0/0
,,,tcp,4244,sg-0989d223f9e18d284
,,,tcp,443,0.0.0.0/0
,,,tcp,443,sg-0989d223f9e18d284
,,Outbound
,,,All,All,0.0.0.0/0
SG-TEST-ALLOW-PORT-1433,sg-059a15c6e9729c3de
,,Inbound
,,,tcp,1433,10.57.0.201/32
,,,tcp,1433,10.57.1.194/32
,,,tcp,1433,10.57.128.231/32
,,,tcp,1433,10.57.129.19/32
,,,tcp,1433,10.57.131.151/32
,,,tcp,1433,10.57.30.227/32
,,,tcp,1433,10.57.68.110/32
,,,tcp,1433,10.57.8.244/32
,,,tcp,1433,10.57.9.61/32
,,,tcp,1433,10.57.26.113/32
,,,tcp,1433,10.48.130.121/32
,,,tcp,1433,10.57.134.68/32
,,,tcp,1433,10.57.14.220/32
,,,tcp,1433,10.57.30.226/32
,,,tcp,1433,10.57.8.96/32
,,Outbound
,,,All,All,0.0.0.0/0
SG-QLK-NPrinting17-DEV,sg-05d1774bd6ad1c3c9
,,Inbound
,,,tcp,5672,10.0.0.0/8
,,,tcp,4996,10.0.0.0/8
,,Outbound
,,,All,All,0.0.0.0/0
AWOR-PDPXPDB,sg-069b06e37fad8b4db
,,Inbound
,,,All,All,10.0.0.0/8
,,,All,All,sg-069b06e37fad8b4db
,,Outbound
,,,All,All,0.0.0.0/0
TC_SSH_IN,sg-06b8c679
,,Inbound
,,,tcp,22,10.0.0.0/8
,,,tcp,443,10.51.0.0/16
,,,tcp,443,10.250.0.0/16
,,,icmp,N/A,10.0.0.0/8
,,Outbound
,,,All,All,0.0.0.0/0
AWSI-PDSBMAPP01-INTERNET,sg-07290f95ecb5e934a
,,Inbound
,,,tcp,10000,0.0.0.0/0
,,Outbound
,,,All,All,0.0.0.0/0
Tibco,sg-07761660
,,Inbound
,,,All,All,10.0.0.0/8
,,,All,All,207.38.43.30/32
,,,All,All,207.38.43.29/32
,,,All,All,sg-07761660
,,,tcp,22,207.38.43.30/32
,,Outbound
,,,All,All,0.0.0.0/0
SG-PD-BMSAPP,sg-07811e6880beb0325
,,Inbound
,,,tcp,47808,10.39.0.0/24
,,,tcp,27009,10.39.0.0/24
,,,tcp,502,10.39.0.0/24
,,,tcp,8888,10.39.0.0/24
,,,tcp,7001,10.39.0.0/24
,,,tcp,4444,10.39.0.0/24
,,,tcp,65535,10.39.0.0/24
,,,tcp,33487,10.39.0.0/24
,,,tcp,1628,10.39.0.0/24
,,Outbound
,,,All,All,0.0.0.0/0
SG-SS-MGMT-RDPSSH-IN,sg-07b809e10037c64df
,,Inbound
,,,tcp,22,10.0.0.0/8
,,,tcp,3389,10.0.0.0/8
,,Outbound
,,,All,All,0.0.0.0/0
SG-Version10-mcFR91mC-NetAppExternalSecurityGroup-1KCQTM33VXAC,sg-07d64ccf43e470aea
,,Inbound
,,,tcp,80,0.0.0.0/0
,,,tcp,749,0.0.0.0/0
,,,tcp,4046,0.0.0.0/0
,,,tcp,3260,0.0.0.0/0
,,,tcp,445,0.0.0.0/0
,,,tcp,443,0.0.0.0/0
,,,icmp,N/A,0.0.0.0/0
,,,udp,4049,0.0.0.0/0
,,,tcp,2049,0.0.0.0/0
,,,udp,635,0.0.0.0/0
,,,udp,162,0.0.0.0/0
,,,udp,4046,0.0.0.0/0
,,,tcp,635,0.0.0.0/0
,,,tcp,162,0.0.0.0/0
,,,tcp,22,0.0.0.0/0
,,,tcp,11105,0.0.0.0/0
,,,tcp,10000,0.0.0.0/0
,,,udp,2049,0.0.0.0/0
,,,tcp,139,0.0.0.0/0
,,,tcp,111,0.0.0.0/0
,,,udp,111,0.0.0.0/0
,,Outbound
,,,All,All,0.0.0.0/0
SG-DV-MGMT-PAN-INTERNETACCESS-ALLOWALL,sg-07ed367e
,,Inbound
,,,All,All,10.57.64.0/19
,,Outbound
,,,All,All,0.0.0.0/0
SG-DMZ-SCCM-IBCM,sg-0873bcdf8be51ed26
,,Inbound
,,,tcp,8531,sg-0989d223f9e18d284
,,,tcp,443,sg-0989d223f9e18d284
,,Outbound
,,,All,All,0.0.0.0/0
SG-SS-MGMT-PAN-SSH-HTTPS-INTERNAL,sg-08e10f8d88dc31cee
,,Inbound
,,,tcp,22,10.0.0.0/8
,,,tcp,443,10.0.0.0/8
,,Outbound
,,,All,All,0.0.0.0/0
edwards-test-exch-security-groups-FeServerSecurityGroup-1CM0TETOXVWKJ,sg-08f257c3088bbd7ff
,,Inbound
,,,tcp,80,10.0.0.0/8
,,,tcp,443,10.0.0.0/8
,,Outbound
,,,All,All,0.0.0.0/0
d-92672dcb70_controllers,sg-09046bb08fed0221a
,,Inbound
,,,All,All,sg-09046bb08fed0221a
,,Outbound
,,,All,All,0.0.0.0/0
SG-DV-JDE-PRIVATE,sg-090b376f
,,Inbound
,,Outbound
ELB-HTTP port 8088 only,sg-090f8f70
,,Inbound
,,,tcp,8088,10.0.0.0/8
,,Outbound
,,,All,All,0.0.0.0/0
edwards-prod-ibcm-security-groups-AsgClientSecurityGroup-1XLT7HQBL8Y9W,sg-091eb1664c5b76ab9
,,Inbound
,,,tcp,80,0.0.0.0/0
,,,tcp,443,0.0.0.0/0
,,Outbound
,,,All,All,0.0.0.0/0
SG-PD-DC,sg-0952f383a72da919d
,,Inbound
,,,udp,445,10.0.0.0/8
,,,udp,138,10.0.0.0/8
,,,udp,464,10.0.0.0/8
,,,tcp,464,10.0.0.0/8
,,,udp,135,10.0.0.0/8
,,,tcp,5722,10.0.0.0/8
,,,tcp,65535,10.0.0.0/8
,,,udp,389,10.0.0.0/8
,,,udp,53,10.0.0.0/8
,,,tcp,389,10.0.0.0/8
,,,tcp,3389,10.57.2.158/32
,,,tcp,3389,10.57.23.205/32
,,,tcp,3389,10.57.27.49/32
,,,tcp,3389,10.57.8.184/32
,,,tcp,445,10.0.0.0/8
,,,icmp,N/A,10.0.0.0/8
,,,tcp,9389,10.0.0.0/8
,,,tcp,3268,10.0.0.0/8
,,,tcp,123,10.0.0.0/8
,,,tcp,139,10.0.0.0/8
,,,tcp,135,10.0.0.0/8
,,,tcp,636,10.0.0.0/8
,,,tcp,3269,10.0.0.0/8
,,,tcp,53,10.0.0.0/8
,,,udp,88,10.0.0.0/8
,,Outbound
,,,All,All,0.0.0.0/0
edwards-prod-ibcm-security-groups-FeServerSecurityGroup-O8Z64A1FSHY0,sg-0989d223f9e18d284
,,Inbound
,,,tcp,80,10.0.0.0/8
,,,tcp,4248,10.0.0.0/8
,,,tcp,4244,10.0.0.0/8
,,,tcp,443,10.0.0.0/8
,,Outbound
,,,All,All,0.0.0.0/0
SG-SS-EFS-ONPREM,sg-09930d72
,,Inbound
,,,All,All,10.48.15.124/32
,,,tcp,111,10.48.15.124/32
,,,udp,111,10.48.15.124/32
,,,tcp,2049,10.48.15.124/32
,,Outbound
,,,All,All,10.48.15.124/32
SG-DV-PLM-MSSQL,sg-099ee170
,,Inbound
,,,tcp,1433,10.0.0.0/8
,,Outbound
SG-SS-NETSKOPE-SYSLOG,sg-09f0db68ce2820ffc
,,Inbound
,,,udp,514,10.0.0.0/8
,,Outbound
TaniumProd-Database-HLN8DUE6M5YJ-SecurityGroup-1BCPSHLZT38U5,sg-09f85f412eebcdc3b
,,Inbound
,,,tcp,5432,sg-0ea27d74a53e0325d
,,Outbound
,,,All,All,0.0.0.0/0
TaniumDev-TaniumServerSG-S8I9272IOMD1-SecurityGroup-1U8YQC8AYD4GA,sg-0a3f61872963f5645
,,Inbound
,,,tcp,17472,0.0.0.0/0
,,,tcp,22,0.0.0.0/0
,,,tcp,8443,0.0.0.0/0
,,,tcp,443,0.0.0.0/0
,,Outbound
,,,All,All,0.0.0.0/0
SG-SS-ENDPOINT,sg-0a4a00e90999fda30
,,Inbound
,,,tcp,443,10.0.0.0/8
,,Outbound
,,,All,All,0.0.0.0/0
OnCommand Cloud Manager (for ONTAP Cloud)-3.3.0-AutogenByAWSMP-,sg-0a60bf70
,,Inbound
,,,tcp,80,10.0.0.0/8
,,,tcp,22,10.0.0.0/8
,,,tcp,443,10.0.0.0/8
,,Outbound
,,,All,All,0.0.0.0/0
SG-PD-HTTPS,sg-0b01bd71
,,Inbound
,,,tcp,443,0.0.0.0/0
,,Outbound
,,,tcp,443,0.0.0.0/0
SG-SS-HTTPS,sg-0b0c8d30a5eb41ab9
,,Inbound
,,,tcp,443,10.0.0.0/8
,,Outbound
,,,All,All,0.0.0.0/0
AWOR-PDNETBRK01-DataBrokerSecurityGroup-16R1FORW2X5DQ,sg-0b1929d529a20eb76
,,Inbound
,,,All,All,10.0.0.0/8
,,Outbound
,,,All,All,0.0.0.0/0
SG-SS-MGMT-CORESERVICES,sg-0b3fc01a77356d67f
,,Inbound
,,,udp,445,10.0.0.0/8
,,,udp,464,10.0.0.0/8
,,,tcp,464,10.0.0.0/8
,,,tcp,5722,10.0.0.0/8
,,,udp,139,10.0.0.0/8
,,,tcp,65535,10.0.0.0/8
,,,udp,389,10.0.0.0/8
,,,udp,53,10.0.0.0/8
,,,tcp,389,10.0.0.0/8
,,,udp,123,10.0.0.0/8
,,,tcp,445,10.0.0.0/8
,,,icmp,N/A,10.0.0.0/8
,,,tcp,3269,10.0.0.0/8
,,,tcp,65535,10.48.130.121/32
,,,tcp,88,10.0.0.0/8
,,,udp,162,10.48.130.121/32
,,,All,All,207.38.43.28/32
,,,tcp,139,10.0.0.0/8
,,,tcp,25,10.0.0.0/8
,,,tcp,1688,10.0.0.0/8
,,,udp,68,10.0.0.0/8
,,,tcp,636,10.0.0.0/8
,,,tcp,53,10.0.0.0/8
,,,udp,88,10.0.0.0/8
,,Outbound
,,,tcp,443,10.0.0.0/8
AWORFASCLS01-mediator-HAMediatorExternalSecurityGroup-TJYLDMAF3AMN,sg-0bb2373c8d8e24fe9
,,Inbound
,,,tcp,22,10.0.0.0/8
,,,tcp,3000,10.0.0.0/8
,,,icmp,N/A,10.0.0.0/8
,,Outbound
,,,tcp,65535,0.0.0.0/0
,,,udp,65535,0.0.0.0/0
TaniumDev-Database-1SYZ3TE8ZG7TV-SecurityGroup-1QHVDRALXDIQF,sg-0bf3b34c36ea8a49d
,,Inbound
,,,tcp,5432,sg-0a3f61872963f5645
,,Outbound
,,,All,All,0.0.0.0/0
SG-DC-secured,sg-0c0688dc8b77cbe3a
,,Inbound
,,,udp,445,10.0.0.0/8
,,,udp,138,10.0.0.0/8
,,,udp,464,10.0.0.0/8
,,,tcp,464,10.0.0.0/8
,,,tcp,5722,10.0.0.0/8
,,,tcp,65535,10.0.0.0/8
,,,udp,389,10.0.0.0/8
,,,udp,53,10.0.0.0/8
,,,tcp,389,10.0.0.0/8
,,,udp,123,10.0.0.0/8
,,,tcp,3389,10.57.2.158/32
,,,tcp,3389,10.57.23.205/32
,,,tcp,3389,10.57.27.49/32
,,,tcp,3389,10.57.8.184/32
,,,tcp,445,10.0.0.0/8
,,,icmp,N/A,10.0.0.0/8
,,,tcp,9389,10.0.0.0/8
,,,tcp,3268,10.0.0.0/8
,,,tcp,88,10.0.0.0/8
,,,tcp,135,10.0.0.0/8
,,,tcp,636,10.0.0.0/8
,,,tcp,3269,10.0.0.0/8
,,,tcp,53,10.0.0.0/8
,,,udp,88,10.0.0.0/8
,,Outbound
,,,All,All,0.0.0.0/0
default,sg-0c1239cdb668717ff
,,Inbound
,,,All,All,sg-0c1239cdb668717ff
,,Outbound
,,,All,All,0.0.0.0/0
SG-TS-MGMT-ALLOW_HTTP_FROMONPREM,sg-0c9d2276
,,Inbound
,,,tcp,80,10.0.0.0/11
,,,tcp,80,10.128.0.0/9
,,,tcp,80,10.32.0.0/12
,,,tcp,80,10.48.0.0/13
,,,tcp,80,10.56.0.0/16
,,,tcp,80,10.58.0.0/15
,,,tcp,80,10.60.0.0/14
,,,tcp,80,10.64.0.0/10
,,Outbound
SG-EQM-443,sg-0d47c512662b80137
,,Inbound
,,,tcp,443,10.0.0.0/8
,,Outbound
,,,All,All,0.0.0.0/0
SG-PD-PLM-APP-ONPREM,sg-0d921874
,,Inbound
,,,All,All,10.0.0.0/11
,,,All,All,10.32.0.0/12
,,,All,All,10.48.0.0/13
,,,All,All,10.56.0.0/16
,,,All,All,10.58.0.0/15
,,,All,All,10.60.0.0/14
,,,All,All,10.64.0.0/10
,,,All,All,10.128.0.0/9
,,Outbound
,,,All,All,0.0.0.0/0
SG-TS-Trx-App,sg-0da1f56a
,,Inbound
,,,All,All,10.0.0.0/8
,,Outbound
,,,All,All,0.0.0.0/0
rds-launch-wizard,sg-0de4356b
,,Inbound
,,,tcp,1521,10.48.0.0/16
,,,tcp,1521,sg-7e3a5605
,,,icmp,N/A,10.0.0.0/8
,,Outbound
,,,tcp,1521,10.48.0.0/16
,,,tcp,1521,sg-7e3a5605
,,,All,All,0.0.0.0/0
,,,icmp,N/A,10.0.0.0/8
SG-DV-MGMT-ALLTRAFFIC-OUT,sg-0e254d68
,,Inbound
,,,tcp,8080,10.0.0.0/8
,,Outbound
,,,All,All,0.0.0.0/0
d-92672dcb70_workspacesMembers,sg-0e6c9e35890e1fce9
,,Inbound
,,Outbound
,,,All,All,0.0.0.0/0
Nothing,sg-0ea03a69
,,Inbound
,,,All,All,10.0.0.0/8
,,Outbound
TaniumProd-TaniumServerSG-1W9HRS8ZDXXKC-SecurityGroup-16XKD0B93PBG,sg-0ea27d74a53e0325d
,,Inbound
,,,tcp,17472,0.0.0.0/0
,,,tcp,22,0.0.0.0/0
,,,tcp,8443,0.0.0.0/0
,,,tcp,443,0.0.0.0/0
,,Outbound
,,,All,All,0.0.0.0/0
launch-wizard-29,sg-0ee0ff6e065e43110
,,Inbound
,,,tcp,22,0.0.0.0/0
,,Outbound
,,,All,All,0.0.0.0/0
OnCommand Cloud Manager -for Cloud Volumes ONTAP- formerly ONTAP Cloud--3-5-0-AutogenByAWSMP-,sg-0ee754e910df4a234
,,Inbound
,,,tcp,80,10.0.0.0/8
,,,tcp,22,10.0.0.0/8
,,,tcp,443,10.0.0.0/8
,,Outbound
,,,All,All,0.0.0.0/0
TaniumProd-TaniumModuleServerSG-15C0SX4V9NVQD-SecurityGroup-6RC621TWAVIA,sg-0f321993690156a5d
,,Inbound
,,,tcp,17444,0.0.0.0/0
,,,tcp,22,0.0.0.0/0
,,,tcp,17477,sg-0ea27d74a53e0325d
,,,tcp,17443,0.0.0.0/0
,,Outbound
,,,All,All,0.0.0.0/0
SG-PD-MGMT-ALLTRAFFIC-OUT,sg-0f3a5269
,,Inbound
,,Outbound
,,,All,All,0.0.0.0/0
SG-TS-VAI-Port_Access,sg-0f3a9d70
,,Inbound
,,,tcp,21,10.0.0.0/8
,,,udp,6767,10.0.0.0/8
,,,tcp,6767,10.0.0.0/8
,,,tcp,771,10.0.0.0/8
,,Outbound
,,,All,All,0.0.0.0/0
SG-DV-TAP-APP,sg-0f5c9772
,,Inbound
,,,tcp,8888,10.0.0.0/8
,,,tcp,7777,10.0.0.0/8
,,,tcp,9300,10.0.0.0/8
,,,tcp,9200,10.0.0.0/8
,,,tcp,8081,10.0.0.0/8
,,Outbound
,,,All,All,0.0.0.0/0
SG-SS-MGMT-TBIRDTEST-ALLOPEN,sg-0f724d69
,,Inbound
,,,All,All,0.0.0.0/0
,,Outbound
,,,All,All,0.0.0.0/0
SG-DV-EQM-WEB,sg-0fa27b9dabf33f7f9
,,Inbound
,,,tcp,443,10.0.0.0/8
,,Outbound
,,,All,All,0.0.0.0/0
SG-SS-SSH,sg-0fbe8f22e93a200ba
,,Inbound
,,,tcp,22,10.0.0.0/8
,,Outbound
,,,All,All,0.0.0.0/0
SG-TS-JDE-PROTECTED,sg-100b3776
,,Inbound
,,Outbound
SG-DV-JDE-DMZ,sg-120b3774
,,Inbound
,,Outbound
SG-SS-TIER-APP,sg-12292674
,,Inbound
,,,All,All,10.0.0.0/8
,,,All,All,0.0.0.0/0
,,,All,All,sg-12292674
,,Outbound
,,,All,All,10.0.0.0/8
,,,All,All,207.38.106.51/32
,,,All,All,sg-12292674
default,sg-126dd875
,,Inbound
,,,All,All,sg-126dd875
,,Outbound
,,,All,All,0.0.0.0/0
SG-TS-JDE-PRIVATE,sg-130b3775
,,Inbound
,,Outbound
SG-MGMT-PAN-MGMT,sg-131e6d75
,,Inbound
,,,tcp,443,10.0.0.0/11
,,,tcp,443,10.32.0.0/12
,,,tcp,443,10.48.0.0/13
,,,tcp,443,10.56.0.0/16
,,,tcp,443,10.58.0.0/15
,,,tcp,443,10.60.0.0/14
,,,tcp,443,10.64.0.0/10
,,,tcp,443,10.128.0.0/9
,,,tcp,443,207.38.43.30/32
,,Outbound
,,,All,All,0.0.0.0/0
SG-Test-Chemstation-temp-test,sg-14112d6f
,,Inbound
,,,All,All,sg-14112d6f
,,Outbound
,,,All,All,0.0.0.0/0
SG-ELS-Default,sg-14c11f72
,,Inbound
,,,All,All,10.0.0.0/8
,,Outbound
,,,All,All,0.0.0.0/0
SG-Irvine902,sg-15b6e66c
,,Inbound
,,,tcp,4084,0.0.0.0/0
,,,udp,4084,0.0.0.0/0
,,Outbound
,,,All,All,0.0.0.0/0
SG-DV-JDE-PROTECTED,sg-170b3771
,,Inbound
,,Outbound
VM-Series Next-Generation Firewall Bundle 2-PAN-OS 7-1-0-AutogenByAWSMP-,sg-17522371
,,Inbound
,,,tcp,22,0.0.0.0/0
,,,tcp,443,0.0.0.0/0
,,Outbound
,,,All,All,0.0.0.0/0
SG-TS-QMS-BUBBLE-TEMP,sg-1767066e
,,Inbound
,,,All,All,10.57.134.34/32
,,,All,All,sg-1767066e
,,,tcp,3389,10.0.0.0/8
,,Outbound
,,,All,All,10.57.134.34/32
,,,All,All,sg-1767066e
launch-wizard-24,sg-1774fc6a
,,Inbound
,,,tcp,80,0.0.0.0/0
,,,tcp,80,::/0
,,,tcp,22,0.0.0.0/0
,,,tcp,443,0.0.0.0/0
,,,tcp,443,::/0
,,Outbound
,,,All,All,0.0.0.0/0
SG-PD-MGMT-ALLOW_HTTP_FROMONPREM,sg-179d226d
,,Inbound
,,,tcp,80,10.0.0.0/11
,,,tcp,80,10.128.0.0/9
,,,tcp,80,10.32.0.0/12
,,,tcp,80,10.48.0.0/13
,,,tcp,80,10.56.0.0/16
,,,tcp,80,10.58.0.0/15
,,,tcp,80,10.60.0.0/14
,,,tcp,80,10.64.0.0/10
,,Outbound
SG-DV-Informatica-App,sg-18495f61
,,Inbound
,,,All,All,sg-18495f61
,,,tcp,6109,10.0.0.0/8
,,Outbound
,,,All,All,0.0.0.0/0
SG-SS-JDE-PRIVATE,sg-190b377f
,,Inbound
,,Outbound
SG-SB-MGMT-BLOCKALL,sg-1917e960
,,Inbound
,,Outbound
SG-MES-Web,sg-1984c97e
,,Inbound
,,,All,All,10.0.0.0/8
,,Outbound
,,,All,All,0.0.0.0/0
SG-PD-OLB-Allow-ALL,sg-19e70d63
,,Inbound
,,,All,All,10.0.0.0/8
,,Outbound
,,,All,All,0.0.0.0/0
SG-PLM-App,sg-1a27727d
,,Inbound
,,,All,All,10.0.0.0/8
,,Outbound
,,,All,All,0.0.0.0/0
sg ts mim,sg-1a357c64
,,Inbound
,,,tcp,443,10.57.120.16/32
,,Outbound
,,,All,All,0.0.0.0/0
SG-PD-JDE-DMZ,sg-1b0b377d
,,Inbound
,,Outbound
SG-DV-MGMT-WSMAN,sg-1b893866
,,Inbound
,,,tcp,5986,10.0.0.0/8
,,,tcp,5985,10.0.0.0/8
,,Outbound
,,,tcp,5986,10.0.0.0/8
,,,tcp,5985,10.0.0.0/8
JDE-APP,sg-1c09067a
,,Inbound
,,,All,All,10.0.0.0/8
,,,All,All,0.0.0.0/0
,,,All,All,172.31.0.0/16
,,Outbound
,,,All,All,0.0.0.0/0
SG-DV-MSSQL,sg-1c91a365
,,Inbound
,,,tcp,1433,10.0.0.0/8
,,Outbound
,,,tcp,1433,10.0.0.0/8
,,,All,All,0.0.0.0/0
SG-PD-JDE-PROTECTED,sg-1d0b377b
,,Inbound
,,Outbound
VM-Series Next-Generation Firewall Bundle 2-PAN-OS 7-1-0-AutogenByAWSMP-,sg-1d19e764
,,Inbound
,,,tcp,22,0.0.0.0/0
,,,tcp,443,0.0.0.0/0
,,Outbound
,,,All,All,0.0.0.0/0
SG-TS-JDE-DMZ,sg-1e0b3778
,,Inbound
,,Outbound
SG-PD-JDE-PRIVATE,sg-1f0b3779
,,Inbound
,,Outbound
SG-SS-DMZ-HTTPS,sg-2012e15d
,,Inbound
,,,tcp,443,0.0.0.0/0
,,,tcp,443,::/0
,,Outbound
,,,All,All,0.0.0.0/0
SG-OQ-TIBCO-DB,sg-20187046
,,Inbound
,,,tcp,1433,sg-b1056dd7
,,,All,All,sg-20187046
,,Outbound
,,,tcp,1433,sg-b1056dd7
,,,All,All,sg-20187046
SG-SS-REDSEAL,sg-21305d53
,,Inbound
,,,tcp,5432,10.0.0.0/8
,,,tcp,3835,10.0.0.0/8
,,,tcp,3826,10.0.0.0/8
,,Outbound
,,,All,All,0.0.0.0/0
SG-PLM-DB,sg-21ffb046
,,Inbound
,,,All,All,10.0.0.0/8
,,Outbound
,,,All,All,0.0.0.0/0
Tibco,sg-22e18e45
,,Inbound
,,,All,All,10.0.0.0/8
,,Outbound
,,,All,All,0.0.0.0/0
mes,sg-23db6444
,,Inbound
,,,All,All,10.0.0.0/8
,,Outbound
,,,All,All,0.0.0.0/0
SG-LIMS-DB,sg-249b8643
,,Inbound
,,,All,All,10.0.0.0/8
,,Outbound
,,,All,All,0.0.0.0/0
SG-SS-BlueMountain,sg-24a11d5f
,,Inbound
,,,tcp,1433,sg-24a11d5f
,,,tcp,80,10.0.0.0/8
,,Outbound
,,,All,All,0.0.0.0/0
SG-DV-MES-PRIVATE,sg-24ebc742
,,Inbound
,,Outbound
CorpInfo,sg-252e7a5e
,,Inbound
,,,tcp,22,69.75.242.66/32
,,,tcp,22,97.94.114.254/32
,,,tcp,22,73.136.105.72/32
,,,tcp,22,183.87.61.58/32
,,,tcp,22,219.65.95.10/32
,,,tcp,3389,69.75.242.66/32
,,,tcp,3389,207.38.43.30/32
,,,tcp,3389,172.91.157.218/32
,,,tcp,3389,73.136.105.72/32
,,,tcp,3389,219.65.95.10/32
,,,tcp,3389,70.168.144.52/32
,,,tcp,3389,183.87.61.58/32
,,,tcp,3389,184.98.221.113/32
,,Outbound
,,,All,All,0.0.0.0/0
SG-DV-Edge-App,sg-25bb725d
,,Inbound
,,,tcp,2001,10.57.64.70/32
,,,tcp,2010,10.57.88.188/32
,,,tcp,443,10.57.88.135/32
,,,tcp,443,10.57.88.178/32
,,,tcp,443,10.57.89.175/32
,,,tcp,443,10.57.64.70/32
,,,tcp,443,10.57.88.134/32
,,,tcp,443,10.57.88.188/32
,,Outbound
,,,All,All,0.0.0.0/0
SG-DV-EW-AirWatch,sg-28482c50
,,Inbound
,,,tcp,443,10.0.0.0/8
,,Outbound
,,,All,All,0.0.0.0/0
SG-PD-TRS-MSSQL,sg-28a1d151
,,Inbound
,,,tcp,1433,10.0.0.0/8
,,Outbound
SG-DV-TIBCO-DB,sg-29046c4f
,,Inbound
,,,tcp,1433,sg-bf026ad9
,,,All,All,sg-29046c4f
,,Outbound
,,,tcp,1433,sg-bf026ad9
,,,All,All,sg-29046c4f
default,sg-2925554f
,,Inbound
,,,All,All,sg-2925554f
,,Outbound
,,,All,All,0.0.0.0/0
SG-SP-APP-TREADSTONE-HAPROXY,sg-2a493b53
,,Inbound
,,,tcp,80,0.0.0.0/0
,,,tcp,22,0.0.0.0/0
,,Outbound
,,,All,All,0.0.0.0/0
SG-PD-Clinical-app,sg-2b30ae52
,,Inbound
,,,tcp,7001,10.0.0.0/8
,,,tcp,7101,10.0.0.0/8
,,,tcp,7221,10.0.0.0/8
,,,tcp,9002,10.0.0.0/8
,,Outbound
,,,All,All,0.0.0.0/0
SG-SS-JDE-DMZACCESS,sg-2b950252
,,Inbound
,,,All,All,207.38.106.73/32
,,Outbound
,,,All,All,207.38.106.73/32
SG-TS-MGMT-PITNEYBOWESOPENALL,sg-2ced6e55
,,Inbound
,,,All,All,10.0.0.0/8
,,Outbound
,,,All,All,0.0.0.0/0
default,sg-2d55fe4a
,,Inbound
,,,All,All,sg-2d55fe4a
,,Outbound
,,,All,All,0.0.0.0/0
asadmin-common-security-groups-BackEndElbClientSecurityGroup-DNRDSZKN68NK,sg-2dbfab52
,,Inbound
,,Outbound
,,,All,All,0.0.0.0/0
ELB-HTTP-8080-8443,sg-2dd81654
,,Inbound
,,,tcp,8080,10.0.0.0/8
,,Outbound
,,,All,All,0.0.0.0/0
default,sg-2de1f25c
,,Inbound
,,,All,All,sg-2de1f25c
,,Outbound
,,,All,All,0.0.0.0/0
SG-SS-QLVIEW-APP,sg-2ea59357
,,Inbound
,,,tcp,4545,10.0.0.0/8
,,,tcp,80,10.0.0.0/8
,,,tcp,5050,10.0.0.0/8
,,,tcp,4432,10.0.0.0/8
,,,tcp,4555,10.0.0.0/8
,,,tcp,4248,10.0.0.0/8
,,,tcp,9028,10.0.0.0/8
,,,tcp,443,10.0.0.0/8
,,,icmp,N/A,10.57.68.110/32
,,,tcp,4900,10.0.0.0/8
,,,tcp,5054,10.0.0.0/8
,,,tcp,4748,10.0.0.0/8
,,,tcp,4570,10.0.0.0/8
,,,tcp,4444,10.0.0.0/8
,,,tcp,4949,10.0.0.0/8
,,,tcp,4899,10.0.0.0/8
,,,tcp,5151,10.0.0.0/8
,,Outbound
,,,All,All,0.0.0.0/0
SG-TS-AllOpen,sg-2fe5e249
,,Inbound
,,,All,All,0.0.0.0/0
,,Outbound
,,,All,All,0.0.0.0/0
SG-SS-MGMT-ALLOW_HTTP_FROMONPREM,sg-309e214a
,,Inbound
,,,tcp,80,10.0.0.0/11
,,,tcp,80,10.128.0.0/9
,,,tcp,80,10.32.0.0/12
,,,tcp,80,10.48.0.0/13
,,,tcp,80,10.56.0.0/16
,,,tcp,80,10.58.0.0/15
,,,tcp,80,10.60.0.0/14
,,,tcp,80,10.64.0.0/10
,,Outbound
SG-DV-AirWatch,sg-34f3694c
,,Inbound
,,,tcp,2020,10.0.0.0/8
,,,tcp,2010,10.57.66.31/32
,,,tcp,443,10.0.0.0/8
,,Outbound
,,,All,All,0.0.0.0/0
SG-PD-CSI-APP,sg-356bfe45
,,Inbound
,,,tcp,80,10.0.0.0/8
,,,tcp,443,10.0.0.0/8
,,Outbound
,,,All,All,0.0.0.0/0
SG-SS-OLB-Allow-In-2,sg-35cd274f
,,Inbound
,,,tcp,8081,10.0.0.0/8
,,,tcp,61001,10.0.0.0/8
,,,tcp,6624,10.0.0.0/8
,,,tcp,10010,10.0.0.0/8
,,,tcp,7000,10.0.0.0/8
,,,tcp,30718,10.0.0.0/8
,,,tcp,3389,10.0.0.0/8
,,,tcp,27009,10.0.0.0/8
,,,tcp,11141,10.0.0.0/8
,,,tcp,22943,10.0.0.0/8
,,,tcp,55057,10.0.0.0/8
,,,tcp,8090,10.0.0.0/8
,,,tcp,9110,10.0.0.0/8
,,,tcp,9753,10.0.0.0/8
,,,tcp,9101,10.0.0.0/8
,,,tcp,9002,10.0.0.0/8
,,Outbound
,,,All,All,0.0.0.0/0
SG-PD-Label_Lic,sg-35ce8449
,,Inbound
,,,tcp,81,10.57.56.44/32
,,Outbound
,,,All,All,0.0.0.0/0
SG-DV-EW-AirWatch2,sg-3602654e
,,Inbound
,,,tcp,2020,10.0.0.0/8
,,Outbound
,,,All,All,0.0.0.0/0
SG-TAP-WEB,sg-36a36f50
,,Inbound
,,,All,All,10.0.0.0/8
,,Outbound
,,,All,All,0.0.0.0/0
SG-SS-MGMT-CORESERVICES,sg-3747a74b
,,Inbound
,,,udp,445,10.0.0.0/8
,,,udp,464,10.0.0.0/8
,,,tcp,464,10.0.0.0/8
,,,tcp,5722,10.0.0.0/8
,,,udp,139,10.0.0.0/8
,,,tcp,65535,10.0.0.0/8
,,,udp,389,10.0.0.0/8
,,,udp,53,10.0.0.0/8
,,,tcp,389,10.0.0.0/8
,,,udp,123,10.0.0.0/8
,,,tcp,445,10.48.164.120/30
,,,icmp,N/A,10.0.0.0/8
,,,tcp,3269,10.0.0.0/8
,,,tcp,65535,10.48.130.121/32
,,,tcp,88,10.0.0.0/8
,,,udp,162,10.48.130.121/32
,,,tcp,65535,10.48.41.50/32
,,,tcp,139,10.0.0.0/8
,,,tcp,25,10.0.0.0/8
,,,tcp,6005,10.0.0.0/8
,,,tcp,1688,10.0.0.0/8
,,,udp,68,10.0.0.0/8
,,,tcp,636,10.0.0.0/8
,,,tcp,53,10.0.0.0/8
,,,udp,88,10.0.0.0/8
,,Outbound
,,,tcp,443,10.0.0.0/8
SG-PD-LOFTWARE-APP,sg-3839d042
,,Inbound
,,,tcp,8443,10.0.0.0/8
,,,tcp,9100,10.0.0.0/8
,,,tcp,2723,10.0.0.0/8
,,Outbound
,,,All,All,0.0.0.0/0
SG-SS-TIER-PRIVATE,sg-3924dd40
,,Inbound
,,,tcp,80,10.0.0.0/11
,,,tcp,80,10.32.0.0/12
,,,tcp,80,10.48.0.0/13
,,,tcp,80,10.56.0.0/16
,,,tcp,80,10.58.0.0/15
,,,tcp,80,10.60.0.0/14
,,,tcp,80,10.64.0.0/10
,,,tcp,80,10.128.0.0/9
,,,All,All,sg-3924dd40
,,,All,All,sg-7958e500
,,,All,All,sg-9d24dde4
,,,tcp,443,10.0.0.0/11
,,,tcp,443,10.32.0.0/12
,,,tcp,443,10.48.0.0/13
,,,tcp,443,10.56.0.0/16
,,,tcp,443,10.58.0.0/15
,,,tcp,443,10.60.0.0/14
,,,tcp,443,10.64.0.0/10
,,,tcp,443,10.128.0.0/9
,,Outbound
,,,All,All,0.0.0.0/0
SG-PD-AIR1-APP,sg-3a48cf40
,,Inbound
,,,tcp,80,10.57.56.122/32
,,,tcp,62921,10.57.56.122/32
,,Outbound
,,,All,All,0.0.0.0/0
SG-PLM-INT-WEB,sg-3a8a625c
,,Inbound
,,,All,All,10.0.0.0/8
,,Outbound
,,,All,All,0.0.0.0/0
launch-wizard-1,sg-3c75be45
,,Inbound
,,,tcp,3389,0.0.0.0/0
,,Outbound
,,,All,All,0.0.0.0/0
SG-TS-TCCWEB-In,sg-3ca25946
,,Inbound
,,,tcp,24500,10.0.0.0/8
,,Outbound
,,,All,All,0.0.0.0/0
SG-SS-TIER-PROTECTED ,sg-3d52b241
,,Inbound
,,,All,All,10.0.0.0/8
,,,All,All,sg-12292674
,,,All,All,sg-8a2728ec
,,Outbound
,,,All,All,0.0.0.0/0
,,,All,All,10.0.0.0/8
,,,All,All,sg-8a2728ec
OnCommand Cloud Manager (for ONTAP Cloud)-3.0.0-AutogenByAWSMP-,sg-3db30747
,,Inbound
,,,tcp,80,10.0.0.0/8
,,,tcp,22,10.0.0.0/8
,,,tcp,443,10.0.0.0/8
,,Outbound
,,,All,All,0.0.0.0/0
SG-PD-SAS,sg-3dbf2c46
,,Inbound
,,,tcp,61624,10.0.0.0/8
,,,tcp,8548,10.0.0.0/8
,,,tcp,8448,10.0.0.0/8
,,,tcp,9440,10.0.0.0/8
,,,udp,7469,10.0.0.0/8
,,,tcp,6059,10.0.0.0/8
,,,tcp,2152,10.0.0.0/8
,,,tcp,6973,10.0.0.0/8
,,,tcp,8084,10.0.0.0/8
,,,tcp,9369,10.0.0.0/8
,,,tcp,8184,10.0.0.0/8
,,,tcp,7088,10.0.0.0/8
,,,tcp,8829,10.0.0.0/8
,,,tcp,7073,10.0.0.0/8
,,,tcp,10029,10.0.0.0/8
,,,tcp,41423,10.0.0.0/8
,,,tcp,8561,10.57.102.20/32
,,,tcp,8561,10.0.0.0/8
,,,tcp,25,10.0.0.0/8
,,,tcp,8119,10.0.0.0/8
,,,tcp,7450,10.0.0.0/8
,,,udp,8569,10.0.0.0/8
,,,tcp,11107,10.0.0.0/8
,,,tcp,8639,10.0.0.0/8
,,,tcp,5669,10.0.0.0/8
,,Outbound
,,,tcp,8561,0.0.0.0/0
SG-TS-MGMT-PAN-INTERNETACCESS-ALLOWALL,sg-3dd07344
,,Inbound
,,,All,All,10.0.0.0/8
,,Outbound
,,,All,All,0.0.0.0/0
SG-TS-MGMT-ONPREMFEDEX-ONPREMJDE,sg-3e10a247
,,Inbound
,,,All,All,10.48.36.57/32
,,,All,All,10.48.36.58/32
,,Outbound
,,,All,All,0.0.0.0/0
OpCon,sg-3ee4ba43
,,Inbound
,,,tcp,9000,0.0.0.0/0
,,,tcp,8080,0.0.0.0/0
,,,tcp,8443,0.0.0.0/0
,,,tcp,9010,0.0.0.0/0
,,Outbound
,,,All,All,0.0.0.0/0
SG-ELS-Default,sg-3fc30f59
,,Inbound
,,,All,All,10.0.0.0/8
,,Outbound
,,,All,All,0.0.0.0/0
SG-WIP-APP,sg-3ff1ec58
,,Inbound
,,,All,All,10.0.0.0/8
,,Outbound
,,,All,All,0.0.0.0/0
SG-DV-TIER-PRIVATE,sg-407ec339
,,Inbound
,,,tcp,80,10.0.0.0/11
,,,tcp,80,10.32.0.0/12
,,,tcp,80,10.48.0.0/13
,,,tcp,80,10.56.0.0/16
,,,tcp,80,10.58.0.0/15
,,,tcp,80,10.60.0.0/14
,,,tcp,80,10.64.0.0/10
,,,tcp,80,10.128.0.0/9
,,,All,All,sg-407ec339
,,,tcp,443,10.0.0.0/11
,,,tcp,443,10.32.0.0/12
,,,tcp,443,10.48.0.0/13
,,,tcp,443,10.56.0.0/16
,,,tcp,443,10.58.0.0/15
,,,tcp,443,10.60.0.0/14
,,,tcp,443,10.64.0.0/10
,,,tcp,443,10.128.0.0/9
,,Outbound
,,,All,All,0.0.0.0/0
SG-Version10-9XQ81EvZ-NetAppExternalSecurityGroup-158PF7D0K1QAS,sg-42a37d38
,,Inbound
,,,tcp,80,10.0.0.0/8
,,,tcp,749,10.0.0.0/8
,,,tcp,4046,10.0.0.0/8
,,,tcp,3260,10.0.0.0/8
,,,tcp,445,10.0.0.0/8
,,,tcp,443,10.0.0.0/8
,,,icmp,N/A,10.0.0.0/8
,,,tcp,2049,10.0.0.0/8
,,,udp,635,10.0.0.0/8
,,,udp,162,10.0.0.0/8
,,,udp,4046,10.0.0.0/8
,,,tcp,635,10.0.0.0/8
,,,tcp,162,10.0.0.0/8
,,,tcp,22,10.0.0.0/8
,,,tcp,11105,10.0.0.0/8
,,,tcp,10000,10.0.0.0/8
,,,udp,2049,10.0.0.0/8
,,,tcp,139,10.0.0.0/8
,,,tcp,111,10.0.0.0/8
,,,udp,111,10.0.0.0/8
,,Outbound
,,,All,All,0.0.0.0/0
SG-SS-MGMT-ACCESS-IN,sg-430bdf39
,,Inbound
,,,All,All,10.57.134.110/32
,,,All,All,10.57.129.225/32
,,Outbound
,,,All,All,0.0.0.0/0
SG-PD-LCP-SYMANTEC-MSS-Managment,sg-43259a3b
,,Inbound
,,,tcp,2222,65.197.254.5/32
,,,tcp,2222,192.251.86.32/32
,,,tcp,2222,198.6.48.235/32
,,,tcp,2222,199.43.188.10/32
,,,tcp,2222,213.156.160.99/32
,,,tcp,443,65.197.254.5/32
,,,tcp,443,192.251.86.32/32
,,,tcp,443,198.6.48.235/32
,,,tcp,443,199.43.188.10/32
,,,tcp,443,213.156.160.99/32
,,,udp,514,10.57.0.0/18
,,Outbound
,,,All,All,0.0.0.0/0
SG-DV-TIBCO-EXTINT,sg-44671622
,,Inbound
,,,All,All,10.48.19.36/32
,,,All,All,10.48.16.79/32
,,,All,All,10.48.194.21/32
,,,All,All,10.48.19.52/32
,,Outbound
SG-JDE-VDI,sg-44ba8523
,,Inbound
,,,All,All,10.0.0.0/8
,,Outbound
,,,All,All,0.0.0.0/0
SG-DV-TIER-PROTECTED,sg-45a0e923
,,Inbound
,,,All,All,10.0.0.0/8
,,,All,All,sg-81a1e8e7
,,,All,All,sg-b395dcd5
,,Outbound
,,,All,All,10.0.0.0/8
,,,All,All,0.0.0.0/0
,,,All,All,sg-81a1e8e7
SG-PD-SMTP-TLS,sg-476e623a
,,Inbound
,,,tcp,587,10.0.0.0/8
,,Outbound
,,,All,All,0.0.0.0/0
all-traffic-test,sg-477c4d3e
,,Inbound
,,,All,All,10.0.0.0/8
,,Outbound
,,,All,All,0.0.0.0/0
packer_5aa7e9ff-968d-f918-c464-f48e16d2b877,sg-479f9a38
,,Inbound
,,,tcp,22,0.0.0.0/0
,,Outbound
,,,All,All,0.0.0.0/0
SG-DV-MES-DMZ,sg-47e4c821
,,Inbound
,,Outbound
launch-wizard-25,sg-481eff38
,,Inbound
,,,tcp,22,0.0.0.0/0
,,,icmp,N/A,0.0.0.0/0
,,Outbound
,,,All,All,0.0.0.0/0
SG-PD-PLM-APP,sg-49458730
,,Inbound
,,,tcp,8092,10.0.0.0/8
,,,tcp,8080,10.0.0.0/8
,,,All,All,10.55.1.59/32
,,,All,All,10.64.1.59/32
,,,All,All,10.38.8.57/32
,,,All,All,10.148.120.59/32
,,,All,All,10.38.129.59/32
,,,All,All,10.250.1.60/32
,,,tcp,4544,10.0.0.0/8
,,,tcp,65355,sg-49458730
,,,tcp,17810,sg-49458730
,,Outbound
,,,All,All,0.0.0.0/0
launch-wizard-22,sg-494dbe34
,,Inbound
,,,tcp,3389,0.0.0.0/0
,,Outbound
,,,All,All,0.0.0.0/0
SG-SHG-APP,sg-498d792f
,,Inbound
,,,All,All,10.0.0.0/8
,,Outbound
,,,All,All,0.0.0.0/0
SG-PD-TIBCO-DB,sg-4a0d652c
,,Inbound
,,,tcp,1433,sg-6f0b6309
,,,All,All,sg-4a0d652c
,,Outbound
,,,tcp,1433,sg-6f0b6309
,,,All,All,sg-4a0d652c
SG-PD-MES-APP,sg-4b36472d
,,Inbound
,,Outbound
,,,All,All,0.0.0.0/0
SG-ELS-Default,sg-4c864c2a
,,Inbound
,,,All,All,10.0.0.0/8
,,Outbound
,,,All,All,0.0.0.0/0
Tibco,sg-4dd4472a
,,Inbound
,,,All,All,10.0.0.0/8
,,Outbound
,,,All,All,0.0.0.0/0
asadmin-common-security-groups-AsgClientSecurityGroup-1FDGOJJSB3Z2Z,sg-4df1e532
,,Inbound
,,,tcp,80,0.0.0.0/0
,,,tcp,443,0.0.0.0/0
,,Outbound
,,,All,All,0.0.0.0/0
SG-MGMT-TBIRD-TEST,sg-4f256629
,,Inbound
,,Outbound
,,,All,All,0.0.0.0/0
SG-MES-App,sg-4f84c928
,,Inbound
,,,All,All,10.0.0.0/8
,,Outbound
,,,All,All,0.0.0.0/0
SG-SS-BIPUB-WEB,sg-4fe9bc37
,,Inbound
,,,tcp,9502,10.0.0.0/8
,,Outbound
,,,All,All,0.0.0.0/0
TIBCO-DB,sg-50136637
,,Inbound
,,,All,All,10.0.0.0/8
,,Outbound
,,,All,All,0.0.0.0/0
d-92673a1bcd_workspacesMembers,sg-51576836
,,Inbound
,,Outbound
,,,All,All,0.0.0.0/0
SG-SS-LCP-DNS,sg-521aa52a
,,Inbound
,,,udp,53,10.57.88.198/32
,,,udp,53,10.57.56.155/32
,,,udp,53,10.57.56.105/32
,,,udp,53,10.57.133.6/32
,,,udp,53,10.57.133.97/32
,,,udp,53,10.57.120.223/32
,,,tcp,53,10.57.88.198/32
,,,tcp,53,10.57.56.155/32
,,,tcp,53,10.57.56.105/32
,,,tcp,53,10.57.133.6/32
,,,tcp,53,10.57.133.97/32
,,,tcp,53,10.57.120.223/32
,,Outbound
,,,All,All,0.0.0.0/0
d-92673ccec0_workspacesMembers,sg-52215634
,,Inbound
,,Outbound
,,,All,All,0.0.0.0/0
ELB-HTTP-8080,sg-52b3482b
,,Inbound
,,,tcp,8080,10.0.0.0/8
,,Outbound
,,,All,All,0.0.0.0/0
SG-PD-HTTP-HTTPS-ONPREM,sg-53d34129
,,Inbound
,,,tcp,80,10.0.0.0/11
,,,tcp,80,10.32.0.0/12
,,,tcp,80,10.48.0.0/13
,,,tcp,80,10.56.0.0/16
,,,tcp,80,10.58.0.0/15
,,,tcp,80,10.60.0.0/14
,,,tcp,80,10.64.0.0/10
,,,tcp,80,10.128.0.0/9
,,,tcp,443,10.0.0.0/11
,,,tcp,443,10.32.0.0/12
,,,tcp,443,10.48.0.0/13
,,,tcp,443,10.56.0.0/16
,,,tcp,443,10.58.0.0/15
,,,tcp,443,10.60.0.0/14
,,,tcp,443,10.64.0.0/10
,,,tcp,443,10.128.0.0/9
,,Outbound
,,,All,All,0.0.0.0/0
SG-TS-MES-DMZ,sg-53e5c935
,,Inbound
,,Outbound
JDE-WEB,sg-540e3a32
,,Inbound
,,,All,All,10.0.0.0/8
,,,All,All,172.30.1.0/24
,,,All,All,172.16.0.0/16
,,Outbound
,,,All,All,0.0.0.0/0
SG-DV-JDE-ELB-EXTERNAL,sg-55c7fa33
,,Inbound
,,,All,All,0.0.0.0/0
,,Outbound
,,,All,All,0.0.0.0/0
sg tableau,sg-59334b27
,,Inbound
,,,tcp,80,10.0.0.0/8
,,,udp,8765,10.0.0.0/8
,,,tcp,8850,10.0.0.0/8
,,,tcp,443,10.0.0.0/8
,,,tcp,8765,10.0.0.0/8
,,Outbound
,,,All,All,0.0.0.0/0
JDE-Web,sg-596b1b3e
,,Inbound
,,,All,All,10.0.0.0/8
,,,All,All,172.30.1.0/24
,,Outbound
,,,All,All,0.0.0.0/0
SG-PLM-INT-APP,sg-598a623f
,,Inbound
,,,All,All,10.0.0.0/8
,,Outbound
,,,All,All,0.0.0.0/0
jde,sg-5aaf3d3d
,,Inbound
,,,All,All,10.0.0.0/8
,,Outbound
,,,All,All,0.0.0.0/0
SG-PD-TIER-PROTECTED,sg-5b3ae622
,,Inbound
,,,All,All,10.0.0.0/8
,,,All,All,sg-1d0b377b
,,,All,All,sg-63e6ca05
,,,All,All,sg-751ac90c
,,Outbound
,,,All,All,10.0.0.0/8
,,,All,All,0.0.0.0/0
,,,All,All,sg-1d0b377b
,,,All,All,sg-63e6ca05
SG-TS-TIER-PROTECTED,sg-5e6d2538
,,Inbound
,,,All,All,10.0.0.0/8
,,,All,All,sg-776d2511
,,Outbound
,,,All,All,10.0.0.0/8
,,,All,All,0.0.0.0/0
SG-PD-OLB-Allow-In-2,sg-5ec22824
,,Inbound
,,,tcp,8081,10.0.0.0/8
,,,tcp,61001,10.0.0.0/8
,,,tcp,6624,10.0.0.0/8
,,,tcp,10010,10.0.0.0/8
,,,tcp,7000,10.0.0.0/8
,,,tcp,30718,10.0.0.0/8
,,,tcp,3389,10.0.0.0/8
,,,tcp,27009,10.0.0.0/8
,,,tcp,11141,10.0.0.0/8
,,,tcp,22943,10.0.0.0/8
,,,tcp,55057,10.0.0.0/8
,,,tcp,8090,10.0.0.0/8
,,,tcp,9110,10.0.0.0/8
,,,tcp,9753,10.0.0.0/8
,,,tcp,9101,10.0.0.0/8
,,,tcp,9002,10.0.0.0/8
,,Outbound
,,,All,All,0.0.0.0/0
SG-PD-APP-QLIKVIEW-HAPROXY,sg-5f325126
,,Inbound
,,,tcp,80,0.0.0.0/0
,,,tcp,22,0.0.0.0/0
,,,tcp,443,0.0.0.0/0
,,Outbound
,,,All,All,0.0.0.0/0
SG-ELS-Default,sg-5f8af939
,,Inbound
,,,All,All,10.0.0.0/8
,,Outbound
,,,All,All,0.0.0.0/0
SG-PD-OLB-Allow-In-1,sg-5fc62c25
,,Inbound
,,,tcp,1433,10.0.0.0/8
,,,tcp,80,10.0.0.0/8
,,,tcp,5432,10.0.0.0/8
,,,udp,23,10.0.0.0/8
,,,udp,20,10.0.0.0/8
,,,tcp,4879,10.0.0.0/8
,,,tcp,6577,10.0.0.0/8
,,,tcp,68,10.0.0.0/8
,,,udp,53,10.0.0.0/8
,,,tcp,5002,10.0.0.0/8
,,,tcp,2886,10.0.0.0/8
,,,tcp,389,10.0.0.0/8
,,,tcp,445,10.0.0.0/8
,,,tcp,443,10.0.0.0/8
,,,tcp,3269,10.0.0.0/8
,,,udp,161,10.0.0.0/8
,,,tcp,1521,10.0.0.0/8
,,,udp,69,10.0.0.0/8
,,,tcp,25,10.0.0.0/8
,,,tcp,3424,10.0.0.0/8
,,,tcp,23,10.0.0.0/8
,,,tcp,636,10.0.0.0/8
,,,tcp,53,10.0.0.0/8
,,,tcp,6570,10.0.0.0/8
,,,tcp,1434,10.0.0.0/8
,,Outbound
,,,All,All,0.0.0.0/0
launch-wizard-27,sg-60203d10
,,Inbound
,,,tcp,3389,0.0.0.0/0
,,Outbound
,,,All,All,0.0.0.0/0
SG-TS-Label_Lic,sg-60cd871c
,,Inbound
,,,tcp,81,10.57.56.44/32
,,Outbound
,,,All,All,0.0.0.0/0
SG-BASTION-TEMP,sg-60e50d06
,,Inbound
,,,All,All,10.0.0.0/8
,,Outbound
,,,All,All,0.0.0.0/0
SG-TS-TAP-APP,sg-610fc91d
,,Inbound
,,,tcp,8888,10.0.0.0/8
,,,tcp,7777,10.0.0.0/8
,,,tcp,9300,10.0.0.0/8
,,,tcp,9200,10.0.0.0/8
,,,tcp,8081,10.0.0.0/8
,,Outbound
,,,All,All,0.0.0.0/0
launch-wizard-21,sg-616d991c
,,Inbound
,,,tcp,22,0.0.0.0/0
,,Outbound
,,,All,All,0.0.0.0/0
SG-PD-TOPPWEB,sg-619fd51e
,,Inbound
,,,tcp,8080,10.0.0.0/8
,,Outbound
,,,All,All,0.0.0.0/0
SG-SS-Informatica-App,sg-62fded1b
,,Inbound
,,,tcp,6015,10.0.0.0/8
,,Outbound
,,,All,All,0.0.0.0/0
SG-SS-TIER-DMZ,sg-6362ca1a
,,Inbound
,,,All,All,10.0.0.0/8
,,,All,All,207.38.43.29/32
,,,All,All,0.0.0.0/0
,,Outbound
,,,All,All,0.0.0.0/0
SG-PD-MES-PROTECTED,sg-63e6ca05
,,Inbound
,,Outbound
SG-PD-MGMT-PITNEYBOWESOPENALL,sg-63ed6e1a
,,Inbound
,,,All,All,10.0.0.0/8
,,Outbound
,,,All,All,0.0.0.0/0
SG-TS-MGMT-RDPSSH-IN,sg-643d5502
,,Inbound
,,,tcp,22,0.0.0.0/0
,,,tcp,3389,0.0.0.0/0
,,Outbound
,,,tcp,22,0.0.0.0/0
,,,tcp,3389,0.0.0.0/0
SG-PD-TIER-DMZ-SECMOV,sg-6521741c
,,Inbound
,,,tcp,22,0.0.0.0/0
,,Outbound
,,,All,All,0.0.0.0/0
launch-wizard-14,sg-656d331c
,,Inbound
,,,tcp,3389,0.0.0.0/0
,,Outbound
,,,All,All,0.0.0.0/0
SG-SS-QLK-APP-SALESFORCE,sg-6629171f
,,Inbound
,,,All,All,13.108.0.0/14
,,,All,All,96.43.144.0/20
,,,All,All,136.146.0.0/15
,,,All,All,204.14.232.0/21
,,,All,All,85.222.128.0/19
,,,All,All,185.79.140.0/22
,,,All,All,101.53.160.0/19
,,,All,All,182.50.76.0/22
,,,All,All,202.129.242.0/23
,,Outbound
,,,All,All,0.0.0.0/0
SG-PD-SEC-DENYALL,sg-66a2721e
,,Inbound
,,Outbound
,,,All,All,0.0.0.0/0
default,sg-66caa602
,,Inbound
,,,All,All,sg-66caa602
,,Outbound
,,,All,All,0.0.0.0/0
SG-SS-AIR-APP,sg-67a6191d
,,Inbound
,,,tcp,1433,10.57.56.122/32
,,,tcp,62921,10.57.56.122/32
,,Outbound
,,,All,All,0.0.0.0/0
SG-SS-QLK-APP,sg-67df931e
,,Inbound
,,,tcp,4747,sg-69dd9110
,,Outbound
,,,tcp,4747,sg-69dd9110
SG-SS-MGMT-TBIRD-ALLOPEN,sg-69714e0f
,,Inbound
,,,All,All,10.0.0.0/8
,,Outbound
,,,All,All,10.0.0.0/8
SG-PD-VNC-Test,sg-69c51a13
,,Inbound
,,,tcp,5900,10.0.0.0/8
,,Outbound
,,,All,All,0.0.0.0/0
SG-PD-QLK-APP,sg-69dd9110
,,Inbound
,,,tcp,4747,sg-67df931e
,,Outbound
,,,tcp,4747,sg-67df931e
SG-TS-MGMT-CORESERVICES,sg-6b3b530d
,,Inbound
,,,udp,445,10.0.0.0/8
,,,udp,464,10.0.0.0/8
,,,tcp,464,10.0.0.0/8
,,,tcp,5722,10.0.0.0/8
,,,udp,139,10.0.0.0/8
,,,tcp,65535,10.0.0.0/8
,,,udp,389,10.0.0.0/8
,,,udp,53,10.0.0.0/8
,,,tcp,389,10.0.0.0/8
,,,udp,123,10.0.0.0/8
,,,tcp,445,10.0.0.0/8
,,,icmp,N/A,10.0.0.0/8
,,,tcp,3269,10.0.0.0/8
,,,tcp,65535,10.48.130.121/32
,,,tcp,88,10.0.0.0/8
,,,udp,162,10.48.130.121/32
,,,All,All,207.38.43.28/32
,,,tcp,139,10.0.0.0/8
,,,tcp,25,10.0.0.0/8
,,,tcp,1688,10.0.0.0/8
,,,udp,68,10.0.0.0/8
,,,tcp,636,10.0.0.0/8
,,,tcp,53,10.0.0.0/8
,,,udp,88,10.0.0.0/8
,,Outbound
,,,tcp,443,10.0.0.0/8
SG-TS-WEB,sg-6c2a3215
,,Inbound
,,,tcp,80,10.0.0.0/8
,,,tcp,443,10.0.0.0/8
,,Outbound
,,,All,All,0.0.0.0/0
SG-SS-AIR-APP,sg-6c43a211
,,Inbound
,,,tcp,62921,10.57.56.122/32
,,Outbound
,,,All,All,0.0.0.0/0
SG-SS-MGMT-RDPSSH-IN ,sg-6c4cac10
,,Inbound
,,,All,All,0.0.0.0/0
,,,tcp,22,10.0.0.0/8
,,,tcp,3389,10.0.0.0/8
,,Outbound
,,,tcp,22,0.0.0.0/0
,,,tcp,3389,0.0.0.0/0
SG-TS-Label_Lic,sg-6cc98310
,,Inbound
,,,tcp,81,10.57.56.44/32
,,Outbound
,,,All,All,0.0.0.0/0
SG-DV-MGMT-CORESERVICES,sg-6d264e0b
,,Inbound
,,,udp,445,10.0.0.0/8
,,,udp,464,10.0.0.0/8
,,,tcp,464,10.0.0.0/8
,,,tcp,5722,10.0.0.0/8
,,,udp,139,10.0.0.0/8
,,,tcp,65535,10.0.0.0/8
,,,udp,389,10.0.0.0/8
,,,udp,53,10.0.0.0/8
,,,tcp,389,10.0.0.0/8
,,,udp,123,10.0.0.0/8
,,,tcp,445,10.48.164.120/30
,,,tcp,445,10.0.0.0/8
,,,icmp,N/A,10.0.0.0/8
,,,tcp,3269,10.0.0.0/8
,,,tcp,65535,10.48.130.121/32
,,,tcp,88,10.0.0.0/8
,,,udp,162,10.48.130.121/32
,,,tcp,139,10.0.0.0/8
,,,tcp,25,10.0.0.0/8
,,,tcp,6005,10.0.0.0/8
,,,tcp,1688,10.0.0.0/8
,,,udp,68,10.0.0.0/8
,,,tcp,636,10.0.0.0/8
,,,tcp,53,10.0.0.0/8
,,,udp,88,10.0.0.0/8
,,Outbound
,,,tcp,443,10.0.0.0/8
EdwardsTestVPC-SgTibcoApp-13XVNSFNMMG6U,sg-6d91910a
,,Inbound
,,Outbound
,,,All,All,0.0.0.0/0
SG-DV-MGMT-INTERNETACCESS,sg-6e97de08
,,Inbound
,,Outbound
,,,All,All,0.0.0.0/0
SG-DV-TIBCO-EFS,sg-6eb1c308
,,Inbound
,,,tcp,111,sg-bf026ad9
,,,udp,111,sg-bf026ad9
,,,tcp,2049,sg-bf026ad9
,,Outbound
,,,All,All,0.0.0.0/0
SG-PD-TIBCO-APP,sg-6f0b6309
,,Inbound
,,,All,All,sg-6f0b6309
,,Outbound
,,,tcp,1433,sg-4a0d652c
,,,All,All,sg-6f0b6309
SG-PD-MGMT-ONPREMFEDEX-ONPREMJDE,sg-70893b09
,,Inbound
,,,All,All,10.48.36.57/32
,,,All,All,10.48.36.58/32
,,Outbound
,,,All,All,0.0.0.0/0
default,sg-71085b16
,,Inbound
,,,tcp,443,0.0.0.0/0
,,,tcp,443,::/0
,,Outbound
,,,All,All,0.0.0.0/0
SG-PD-MGMT-CORESERVICES,sg-713c5417
,,Inbound
,,,udp,445,10.0.0.0/8
,,,udp,464,10.0.0.0/8
,,,tcp,464,10.0.0.0/8
,,,tcp,5722,10.0.0.0/8
,,,udp,139,10.0.0.0/8
,,,tcp,65535,10.0.0.0/8
,,,udp,389,10.0.0.0/8
,,,udp,53,10.0.0.0/8
,,,tcp,389,10.0.0.0/8
,,,udp,123,10.0.0.0/8
,,,tcp,445,10.48.164.120/30
,,,icmp,N/A,10.0.0.0/8
,,,tcp,3269,10.0.0.0/8
,,,tcp,65535,10.48.130.121/32
,,,tcp,88,10.0.0.0/8
,,,udp,162,10.48.130.121/32
,,,tcp,139,10.0.0.0/8
,,,tcp,25,10.0.0.0/8
,,,tcp,1688,10.0.0.0/8
,,,udp,68,10.0.0.0/8
,,,tcp,636,10.0.0.0/8
,,,tcp,53,10.0.0.0/8
,,,udp,88,10.0.0.0/8
,,Outbound
,,,tcp,443,10.0.0.0/8
default,sg-7155fe16
,,Inbound
,,,All,All,sg-7155fe16
,,Outbound
,,,All,All,0.0.0.0/0
SG-PD-MGMT-NETSCALER,sg-71e56a08
,,Inbound
,,,udp,161,0.0.0.0/0
,,,tcp,80,0.0.0.0/0
,,,All,All,0.0.0.0/0
,,,tcp,22,0.0.0.0/0
,,,tcp,4001,0.0.0.0/0
,,,udp,3003,0.0.0.0/0
,,,udp,67,0.0.0.0/0
,,,udp,4500,0.0.0.0/0
,,,udp,500,0.0.0.0/0
,,,udp,123,0.0.0.0/0
,,,tcp,443,0.0.0.0/0
,,,tcp,3011,0.0.0.0/0
,,Outbound
,,,All,All,0.0.0.0/0
SG-DV-MGMT-PAN-SSH-HTTPS-INTERNAL,sg-725e850b
,,Inbound
,,,tcp,22,10.0.0.0/8
,,,tcp,443,10.0.0.0/8
,,Outbound
,,,All,All,0.0.0.0/0
default,sg-73369d14
,,Inbound
,,,All,All,sg-73369d14
,,Outbound
,,,All,All,0.0.0.0/0
SG-PD-TCCWEB-In,sg-73a15a09
,,Inbound
,,,tcp,24500,10.0.0.0/8
,,Outbound
,,,All,All,0.0.0.0/0
SG-TS-LBL-TRACKER,sg-74ef0a05
,,Inbound
,,,tcp,80,10.0.0.0/8
,,,tcp,8082,10.0.0.0/8
,,,tcp,8172,10.0.0.0/8
,,Outbound
,,,All,All,0.0.0.0/0
SG-PD-TIER-PRIVATE,sg-751ac90c
,,Inbound
,,,tcp,80,10.0.0.0/11
,,,tcp,80,10.32.0.0/12
,,,tcp,80,10.48.0.0/13
,,,tcp,80,10.56.0.0/16
,,,tcp,80,10.58.0.0/15
,,,tcp,80,10.60.0.0/14
,,,tcp,80,10.64.0.0/10
,,,tcp,80,10.128.0.0/9
,,,All,All,10.0.0.0/8
,,,All,All,0.0.0.0/0
,,,All,All,sg-751ac90c
,,,tcp,443,10.0.0.0/11
,,,tcp,443,10.32.0.0/12
,,,tcp,443,10.48.0.0/13
,,,tcp,443,10.56.0.0/16
,,,tcp,443,10.58.0.0/15
,,,tcp,443,10.60.0.0/14
,,,tcp,443,10.64.0.0/10
,,,tcp,443,10.128.0.0/9
,,Outbound
,,,All,All,0.0.0.0/0
,,,All,All,sg-5b3ae622
,,,All,All,sg-751ac90c
SG-MGMT-PAN-BLOCKDEFAULT-MGMT-ALL,sg-752a6813
,,Inbound
,,,All,All,0.0.0.0/0
,,Outbound
,,,All,All,0.0.0.0/0
SG-TS-DMZ-HTTPS,sg-7629da0b
,,Inbound
,,,tcp,443,0.0.0.0/0
,,,tcp,443,::/0
,,Outbound
,,,All,All,0.0.0.0/0
SG-ZL-APP,sg-767bd70c
,,Inbound
,,,tcp,1433,10.0.0.0/8
,,,tcp,80,10.0.0.0/8
,,,tcp,8080,10.0.0.0/8
,,,tcp,2881,10.0.0.0/8
,,,tcp,9971,10.0.0.0/8
,,,tcp,25,10.0.0.0/8
,,,tcp,2181,10.0.0.0/8
,,,tcp,3881,10.0.0.0/8
,,,tcp,443,10.0.0.0/8
,,Outbound
,,,All,All,0.0.0.0/0
SS-PAN-SSH-HTTPS-INTERNAL,sg-7724890e
,,Inbound
,,,tcp,22,10.0.0.0/8
,,,tcp,443,10.0.0.0/8
,,,tcp,443,104.3.21.169/32
,,Outbound
,,,All,All,0.0.0.0/0
SG-TS-TIER-APP,sg-776d2511
,,Inbound
,,,All,All,0.0.0.0/0
,,,All,All,10.0.0.0/8
,,,All,All,sg-776d2511
,,Outbound
,,,All,All,10.0.0.0/8
,,,All,All,sg-5e6d2538
,,,All,All,sg-776d2511
launch-wizard-8,sg-79176300
,,Inbound
,,,tcp,3389,0.0.0.0/0
,,Outbound
,,,All,All,0.0.0.0/0
SG-SS-BIZTALK-APP,sg-792a251f
,,Inbound
,,Outbound
SG-DV-INTERVPC-ALLOW-SS-TIER-PRIVATE,sg-7958e500
,,Inbound
,,,All,All,sg-3924dd40
,,,All,All,sg-7958e500
,,Outbound
,,,All,All,0.0.0.0/0
SG-PD-ALB-CYBERARK,sg-7af95207
,,Inbound
,,,All,All,sg-8ffe55f2
,,,tcp,443,10.0.0.0/11
,,,tcp,443,10.128.0.0/9
,,,tcp,443,10.32.0.0/12
,,,tcp,443,10.48.0.0/13
,,,tcp,443,10.56.0.0/16
,,,tcp,443,10.58.0.0/15
,,,tcp,443,10.60.0.0/14
,,,tcp,443,10.64.0.0/10
,,,tcp,443,10.57.0.0/16
,,Outbound
,,,All,All,0.0.0.0/0
SG-TS-TIBCO-DB,sg-7b18701d
,,Inbound
,,,tcp,1433,sg-d2056db4
,,,All,All,sg-7b18701d
,,Outbound
,,,tcp,1433,sg-d2056db4
,,,All,All,sg-7b18701d
SG-PD-TIBCO-EXTINT,sg-7c66171a
,,Inbound
,,,All,All,10.48.19.24/32
,,,All,All,10.48.19.35/32
,,,All,All,10.48.19.14/32
,,,All,All,10.48.174.98/32
,,Outbound
Tibco,sg-7d20331a
,,Inbound
,,,All,All,10.0.0.0/8
,,Outbound
,,,All,All,0.0.0.0/0
SG-PD-Clinical-prot-Oracle,sg-7e31af07
,,Inbound
,,,tcp,1529,10.0.0.0/8
,,Outbound
,,,All,All,0.0.0.0/0
SG-SS-DWH-RDS,sg-7e3a5605
,,Inbound
,,,tcp,1521,sg-0de4356b
,,Outbound
,,,tcp,1521,sg-0de4356b
SG-PD-LBL-TRACKER,sg-7e88940e
,,Inbound
,,,tcp,80,10.0.0.0/8
,,,tcp,8080,10.0.0.0/8
,,,tcp,9091,10.0.0.0/8
,,,tcp,8172,10.0.0.0/8
,,Outbound
,,,All,All,0.0.0.0/0
nfox-tmp,sg-7eb28618
,,Inbound
,,,tcp,3389,0.0.0.0/0
,,Outbound
SG-TS-Trx-Web,sg-7f8ade18
,,Inbound
,,,All,All,10.0.0.0/8
,,Outbound
,,,All,All,0.0.0.0/0
d-926720da8e_workspacesMembers,sg-7f8fee07
,,Inbound
,,,tcp,3389,10.0.0.0/8
,,Outbound
,,,All,All,0.0.0.0/0
SG-SS-SPC-MGMT-ONPREMACCESS-TEMP,sg-810f91f8
,,Inbound
,,,All,All,10.0.0.0/11
,,,All,All,10.32.0.0/12
,,,All,All,10.48.0.0/13
,,,All,All,10.56.0.0/16
,,,All,All,10.58.0.0/15
,,,All,All,10.60.0.0/14
,,,All,All,10.64.0.0/10
,,,All,All,10.128.0.0/9
,,Outbound
,,,All,All,0.0.0.0/0
SG-DV-BIZTALK-DB,sg-81a1e8e7
,,Inbound
,,Outbound
SG-PD-ARAS-ONPREM,sg-83cca7fb
,,Inbound
,,,tcp,80,10.0.0.0/11
,,,tcp,80,10.128.0.0/9
,,,tcp,80,10.32.0.0/12
,,,tcp,80,10.48.0.0/13
,,,tcp,80,10.56.0.0/16
,,,tcp,80,10.58.0.0/15
,,,tcp,80,10.60.0.0/14
,,,tcp,80,10.64.0.0/10
,,Outbound
,,,All,All,0.0.0.0/0
SG-Workspaces-SAS-CRO,sg-847264fe
,,Inbound
,,Outbound
,,,All,All,10.57.7.68/32
SG-COMMON-NAT,sg-851969e3
,,Inbound
,,,All,All,10.57.140.0/23
,,,All,All,10.57.142.0/23
,,Outbound
,,,All,All,0.0.0.0/0
SG-SS-MGMT-ALLTRAFFIC-OUT,sg-85375fe3
,,Inbound
,,,tcp,80,sg-71085b16
,,Outbound
,,,All,All,0.0.0.0/0
test-all,sg-86287dfa
,,Inbound
,,,All,All,0.0.0.0/0
,,Outbound
,,,All,All,0.0.0.0/0
SG-DV-TIER-DMZ,sg-8864d4f1
,,Inbound
,,,All,All,10.0.0.0/8
,,,All,All,0.0.0.0/0
,,Outbound
,,,All,All,0.0.0.0/0
SG-OQ-MES-APP,sg-893746ef
,,Inbound
,,Outbound
,,,All,All,0.0.0.0/0
JDE-App,sg-895723ee
,,Inbound
,,,All,All,10.0.0.0/8
,,,All,All,172.30.1.0/24
,,,All,All,0.0.0.0/0
,,,All,All,172.16.0.0/16
,,Outbound
,,,All,All,0.0.0.0/0
SG-PD-Exchange-Access,sg-8a0b63fa
,,Inbound
,,,udp,2535,10.48.15.216/32
,,,udp,2535,10.57.129.29/32
,,,udp,2535,10.48.15.21/32
,,,udp,2535,10.57.1.133/32
,,,udp,2535,10.57.3.95/32
,,,tcp,445,10.48.15.216/32
,,,tcp,445,10.57.129.29/32
,,,tcp,445,10.48.15.21/32
,,,tcp,445,10.57.1.133/32
,,,tcp,445,10.57.3.95/32
,,,tcp,9389,10.48.15.216/32
,,,tcp,9389,10.57.129.29/32
,,,tcp,9389,10.48.15.21/32
,,,tcp,9389,10.57.1.133/32
,,,tcp,9389,10.57.3.95/32
,,Outbound
,,,All,All,0.0.0.0/0
SG-SS-BIZTALK-DB,sg-8a2728ec
,,Inbound
,,Outbound
SG-TS-MES-PROTECTED,sg-8ae4c8ec
,,Inbound
,,Outbound
SG-PW-APP,sg-8b37b0f2
,,Inbound
,,,tcp,80,10.0.0.0/11
,,,tcp,80,10.32.0.0/12
,,,tcp,80,10.48.0.0/13
,,,tcp,80,10.56.0.0/16
,,,tcp,80,10.58.0.0/15
,,,tcp,80,10.60.0.0/14
,,,tcp,80,10.64.0.0/10
,,,tcp,80,10.128.0.0/9
,,Outbound
,,,All,All,0.0.0.0/0
SG-DV-LOFTWARE-APP,sg-8b9075f1
,,Inbound
,,,tcp,8443,10.0.0.0/8
,,,tcp,9100,10.0.0.0/8
,,,tcp,2723,10.0.0.0/8
,,Outbound
,,,All,All,0.0.0.0/0
Test (Do Not Use),sg-8bcb27f7
,,Inbound
,,,All,All,10.0.0.0/8
,,Outbound
,,,All,All,0.0.0.0/0
mes,sg-8c73d0ea
,,Inbound
,,,All,All,10.0.0.0/8
,,Outbound
,,,All,All,0.0.0.0/0
cloudendure-nfox-corpinfo,sg-8cc8ddea
,,Inbound
,,,tcp,65535,207.38.43.30/32
,,,All,All,207.38.43.0/24
,,,tcp,22,76.94.118.237/32
,,,tcp,22,198.11.199.250/32
,,,tcp,22,207.38.43.29/32
,,,tcp,22,104.3.21.169/32
,,Outbound
,,,All,All,0.0.0.0/0
CorpInfo-SSH,sg-8dbe7ff6
,,Inbound
,,,tcp,22,69.75.242.66/32
,,,tcp,3389,183.87.61.58/32
,,Outbound
,,,All,All,0.0.0.0/0
jde-db,sg-8f2098e8
,,Inbound
,,,tcp,1433,10.0.0.0/8
,,,All,All,10.0.0.0/8
,,Outbound
,,,All,All,0.0.0.0/0
default,sg-8f5966e8
,,Inbound
,,,All,All,sg-8f5966e8
,,Outbound
,,,All,All,0.0.0.0/0
CloudEndure Machine Converter,sg-8fe7a1e9
,,Inbound
,,Outbound
,,,tcp,80,0.0.0.0/0
,,,udp,53,0.0.0.0/0
,,,tcp,443,0.0.0.0/0
SG-PD-EC2-CYBERARK,sg-8ffe55f2
,,Inbound
,,,tcp,443,sg-7af95207
,,Outbound
,,,All,All,0.0.0.0/0
jde,sg-920193f5
,,Inbound
,,,All,All,10.0.0.0/8
,,Outbound
,,,All,All,0.0.0.0/0
SG-TS-TaniumCommunication,sg-922be9ee
,,Inbound
,,,tcp,17472,10.0.0.0/8
,,Outbound
,,,All,All,0.0.0.0/0
launch-wizard-6,sg-92dd5beb
,,Inbound
,,,tcp,22,0.0.0.0/0
,,Outbound
,,,All,All,0.0.0.0/0
SG-DV-MGMT-BLOCKALL,sg-9321faea
,,Inbound
,,Outbound
,,,All,All,0.0.0.0/0
SG-SS-APP-SSCM,sg-93bc02ea
,,Inbound
,,,All,All,10.0.0.0/8
,,Outbound
,,,All,All,0.0.0.0/0
launch-wizard-2,sg-93fb43ea
,,Inbound
,,,tcp,3389,0.0.0.0/0
,,Outbound
,,,All,All,0.0.0.0/0
SG-PD-RFX-APP,sg-945e0de4
,,Inbound
,,,tcp,1433,10.0.0.0/8
,,,udp,5060,10.0.0.0/8
,,,tcp,5060,10.0.0.0/8
,,Outbound
,,,All,All,0.0.0.0/0
SG-PD-PAN-ALL-ALL,sg-94b608ed
,,Inbound
,,,All,All,0.0.0.0/0
,,Outbound
,,,All,All,0.0.0.0/0
JDE-Web,sg-957f0bf2
,,Inbound
,,,All,All,10.0.0.0/8
,,,All,All,172.30.1.0/24
,,Outbound
,,,All,All,0.0.0.0/0
packer_5aa96f13-0c39-7f94-7049-1b55479d7f42,sg-95e8ebea
,,Inbound
,,,tcp,22,0.0.0.0/0
,,Outbound
,,,All,All,0.0.0.0/0
SG-LCP-SYMANTEC-MSS-Managment,sg-972699ef
,,Inbound
,,,tcp,2222,65.197.254.5/32
,,,tcp,2222,192.251.86.32/32
,,,tcp,2222,198.6.48.235/32
,,,tcp,2222,199.43.188.10/32
,,,tcp,2222,213.156.160.99/32
,,,tcp,443,65.197.254.5/32
,,,tcp,443,192.251.86.32/32
,,,tcp,443,198.6.48.235/32
,,,tcp,443,199.43.188.10/32
,,,tcp,443,213.156.160.99/32
,,,udp,514,10.57.64.0/19
,,Outbound
,,,All,All,0.0.0.0/0
SG-PD-ALLOW-PORT-1433,sg-98ce7de2
,,Inbound
,,,tcp,1433,10.57.30.227/32
,,,tcp,1433,10.57.68.110/32
,,,tcp,1433,10.57.128.231/32
,,,tcp,1433,10.57.129.19/32
,,,tcp,1433,10.57.131.151/32
,,,tcp,1433,10.57.0.201/32
,,,tcp,1433,10.57.9.61/32
,,,tcp,1433,10.57.8.244/32
,,,tcp,1433,10.57.1.194/32
,,,tcp,1433,10.57.7.160/32
,,Outbound
,,,All,All,0.0.0.0/0
SG-PD-NETWRIX-APP,sg-98da8be9
,,Inbound
,,,tcp,139,10.0.0.0/8
,,,tcp,389,10.0.0.0/8
,,,tcp,3389,10.0.0.0/8
,,,tcp,445,10.0.0.0/8
,,,tcp,88,10.0.0.0/8
,,Outbound
,,,All,All,0.0.0.0/0
asadmin-common-security-groups-BackEndServerSecurityGroup-1AI1EPZWFLN8F,sg-99b3a7e6
,,Inbound
,,,tcp,80,0.0.0.0/0
,,,tcp,443,0.0.0.0/0
,,Outbound
,,,All,All,0.0.0.0/0
mes-db,sg-9a0fb7fd
,,Inbound
,,,All,All,10.0.0.0/8
,,Outbound
,,,All,All,0.0.0.0/0
SG-TS-TIER-DMZ,sg-9a65d5e3
,,Inbound
,,,All,All,10.0.0.0/8
,,Outbound
,,,All,All,0.0.0.0/0
asadmin-common-security-groups-AsgSecurityGroup-1GJ2QYKVP99TV,sg-9afce8e5
,,Inbound
,,,tcp,80,0.0.0.0/0
,,,tcp,22,0.0.0.0/0
,,,tcp,443,0.0.0.0/0
,,Outbound
,,,All,All,0.0.0.0/0
SG-SS-MGMT-SCCMACCESS,sg-9bbb05e2
,,Inbound
,,,tcp,80,sg-93bc02ea
,,,udp,135,sg-93bc02ea
,,,tcp,65535,sg-93bc02ea
,,,udp,4011,sg-93bc02ea
,,,tcp,10123,sg-93bc02ea
,,,tcp,8531,sg-93bc02ea
,,,tcp,389,sg-93bc02ea
,,,tcp,445,sg-93bc02ea
,,,tcp,443,sg-93bc02ea
,,,tcp,3269,sg-93bc02ea
,,,udp,64000,sg-93bc02ea
,,,tcp,2701,sg-93bc02ea
,,,udp,69,sg-93bc02ea
,,,udp,25536,sg-93bc02ea
,,,tcp,135,sg-93bc02ea
,,,tcp,636,sg-93bc02ea
,,,tcp,3269,sg-93bc02ea
,,,udp,9,sg-93bc02ea
,,,udp,636,sg-93bc02ea
,,Outbound
,,,All,All,0.0.0.0/0
launch-wizard-19,sg-9bbfa6e1
,,Inbound
,,,tcp,22,103.9.75.83/32
,,Outbound
,,,All,All,0.0.0.0/0
SG-DV-CyberArk,sg-9c3707e5
,,Inbound
,,,udp,1858,10.57.64.113/32
,,,udp,1858,10.57.68.40/32
,,,udp,1858,10.57.90.198/32
,,,tcp,1858,10.57.90.198/32
,,,tcp,1858,10.57.64.113/32
,,,tcp,1858,10.57.68.40/32
,,Outbound
,,,All,All,0.0.0.0/0
SG-PD-TIER-APP,sg-9c9334e7
,,Inbound
,,,All,All,10.0.0.0/8
,,,All,All,sg-9c9334e7
,,Outbound
,,,All,All,0.0.0.0/0
SG-INTERVPC-ALLOW-SS-TIER-PRIVATE,sg-9d24dde4
,,Inbound
,,,All,All,sg-3924dd40
,,,All,All,sg-9d24dde4
,,Outbound
,,,All,All,0.0.0.0/0
SG-SS-PAN-PERIMETER-ALL-ALL,sg-9d5df5e4
,,Inbound
,,,All,All,0.0.0.0/0
,,Outbound
,,,All,All,0.0.0.0/0
testweb-haproxy,sg-9df78be4
,,Inbound
,,,tcp,80,10.0.0.0/8
,,,tcp,22,0.0.0.0/0
,,Outbound
,,,All,All,0.0.0.0/0
SG-TIER-PROTECTED-PRIVATE,sg-9e8739e6
,,Inbound
,,,All,All,sg-5e6d2538
,,Outbound
,,,All,All,0.0.0.0/0
SG-DV-MGMT-ALLTRAFFIC-ALLOW,sg-9eee35e7
,,Inbound
,,Outbound
,,,All,All,0.0.0.0/0
SG-PD-MES-PRIVATE,sg-a1e5c9c7
,,Inbound
,,Outbound
SG-TS-MES-APP,sg-a23746c4
,,Inbound
,,Outbound
,,,All,All,0.0.0.0/0
Tibco-DMZ,sg-a4314cc3
,,Inbound
,,,tcp,22,10.0.0.0/8
,,,tcp,22,207.38.43.30/32
,,,icmp,N/A,10.0.0.0/8
,,Outbound
,,,All,All,0.0.0.0/0
bubble-private,sg-a4d540dc
,,Inbound
,,,All,All,sg-b137bdc9
,,,tcp,22,192.168.0.24/32
,,,tcp,22,192.168.0.52/32
,,,icmp,N/A,sg-b137bdc9
,,,tcp,3389,207.38.43.29/32
,,,tcp,3389,sg-b137bdc9
,,Outbound
,,,All,All,0.0.0.0/0
SG-TS-ZL-APP,sg-a4fd0ade
,,Inbound
,,,tcp,8080,10.0.0.0/8
,,Outbound
,,,All,All,0.0.0.0/0
SG-TS-MSSQL,sg-a591a3dc
,,Inbound
,,,tcp,1433,10.0.0.0/8
,,Outbound
,,,All,All,0.0.0.0/0
MES-DB,sg-a65613c1
,,Inbound
,,,All,All,10.0.0.0/8
,,Outbound
,,,All,All,0.0.0.0/0
launch-wizard-16,sg-a69ac6dc
,,Inbound
,,,All,All,0.0.0.0/0
,,,All,All,::/0
,,Outbound
,,,All,All,0.0.0.0/0
launch-wizard-10,sg-a72172de
,,Inbound
,,,tcp,3389,0.0.0.0/0
,,Outbound
,,,All,All,0.0.0.0/0
default,sg-a74fc7df
,,Inbound
,,,All,All,sg-a74fc7df
,,Outbound
,,,All,All,0.0.0.0/0
SG-PD-CYBERARK,sg-a7911cda
,,Inbound
,,,udp,1858,10.57.64.113/32
,,,udp,1858,10.57.68.40/32
,,,udp,1858,10.57.90.198/32
,,,tcp,1858,10.57.90.198/32
,,,tcp,1858,10.57.64.113/32
,,,tcp,1858,10.57.68.40/32
,,Outbound
,,,All,All,0.0.0.0/0
SG-MES-App,sg-a7f8bbc0
,,Inbound
,,,All,All,10.0.0.0/8
,,Outbound
,,,All,All,0.0.0.0/0
SG-TS-EFS-ONPREM,sg-a7ff70dc
,,Inbound
,,,All,All,10.48.15.124/32
,,,tcp,111,10.48.15.124/32
,,,tcp,111,sg-a7ff70dc
,,,udp,111,10.48.15.124/32
,,,udp,111,sg-a7ff70dc
,,,tcp,2049,10.48.15.124/32
,,,tcp,2049,sg-a7ff70dc
,,Outbound
,,,All,All,0.0.0.0/0
JDE-Web,sg-a85a28cf
,,Inbound
,,,All,All,10.0.0.0/8
,,,All,All,172.30.1.0/24
,,Outbound
,,,All,All,0.0.0.0/0
SG-PD-MGMT-RDPSSH-IN,sg-a93d55cf
,,Inbound
,,,tcp,22,0.0.0.0/0
,,,tcp,135,0.0.0.0/0
,,,tcp,3389,0.0.0.0/0
,,,tcp,445,0.0.0.0/0
,,Outbound
,,,All,All,207.38.43.29/32
,,,tcp,22,0.0.0.0/0
,,,tcp,3389,0.0.0.0/0
SG-SS-OLB-Allow-In-1,sg-a9c329d3
,,Inbound
,,,tcp,1433,10.0.0.0/8
,,,tcp,80,10.0.0.0/8
,,,tcp,5432,10.0.0.0/8
,,,udp,23,10.0.0.0/8
,,,udp,20,10.0.0.0/8
,,,tcp,4879,10.0.0.0/8
,,,tcp,6577,10.0.0.0/8
,,,tcp,68,10.0.0.0/8
,,,udp,53,10.0.0.0/8
,,,tcp,5002,10.0.0.0/8
,,,tcp,2886,10.0.0.0/8
,,,tcp,389,10.0.0.0/8
,,,tcp,445,10.0.0.0/8
,,,tcp,443,10.0.0.0/8
,,,tcp,3269,10.0.0.0/8
,,,udp,161,10.0.0.0/8
,,,tcp,1521,10.0.0.0/8
,,,udp,69,10.0.0.0/8
,,,tcp,25,10.0.0.0/8
,,,tcp,3424,10.0.0.0/8
,,,tcp,23,10.0.0.0/8
,,,tcp,636,10.0.0.0/8
,,,tcp,53,10.0.0.0/8
,,,tcp,6570,10.0.0.0/8
,,,tcp,1434,10.0.0.0/8
,,Outbound
,,,All,All,0.0.0.0/0
SG-DV-TIER-DMZ-ALL-ALL,sg-aa46fed3
,,Inbound
,,,All,All,0.0.0.0/0
,,Outbound
,,,All,All,0.0.0.0/0
asadmin-common-security-groups-BackEndElbServerSecurityGroup-1QY060624J7FR,sg-abb8acd4
,,Inbound
,,,tcp,80,0.0.0.0/0
,,,tcp,443,0.0.0.0/0
,,Outbound
,,,All,All,0.0.0.0/0
SG-TS-MOVXFR-DMZ,sg-ac28dadf
,,Inbound
,,,tcp,80,0.0.0.0/0
,,,tcp,65535,10.0.0.0/8
,,,tcp,22,0.0.0.0/0
,,,udp,65535,10.0.0.0/8
,,,tcp,3389,10.0.0.0/8
,,,tcp,443,0.0.0.0/0
,,Outbound
,,,All,All,0.0.0.0/0
SG-PD-MGMT-PAN-INTERNETACCESS-ALLOWALL,sg-acb2beca
,,Inbound
,,,All,All,10.57.0.0/18
,,Outbound
,,,All,All,0.0.0.0/0
AWS Storage Gateway-2-0-9-2-AutogenByAWSMP-,sg-adb912d3
,,Inbound
,,,tcp,80,0.0.0.0/0
,,,tcp,22,0.0.0.0/0
,,,tcp,3260,0.0.0.0/0
,,Outbound
,,,All,All,0.0.0.0/0
SG-OQ-TIBCO-EXTINT,sg-af6716c9
,,Inbound
,,,All,All,10.57.103.14/32
,,,All,All,10.48.174.67/32
,,,All,All,10.48.19.36/32
,,,All,All,10.48.15.27/32
,,,All,All,10.48.194.91/32
,,Outbound
,,,All,All,0.0.0.0/0
SG-QLView-APP,sg-b0deeac9
,,Inbound
,,,All,All,10.57.68.110/32
,,Outbound
,,,All,All,0.0.0.0/0
SG-OQ-TIBCO-APP,sg-b1056dd7
,,Inbound
,,,All,All,sg-b1056dd7
,,Outbound
,,,tcp,1433,sg-20187046
,,,All,All,sg-b1056dd7
bubble-public,sg-b137bdc9
,,Inbound
,,,All,All,219.65.95.10/32
,,,tcp,22,69.75.242.66/32
,,,tcp,22,207.38.43.28/32
,,,tcp,22,207.38.43.29/32
,,,tcp,22,207.38.43.30/32
,,,tcp,22,76.91.12.137/32
,,,tcp,22,192.168.0.52/32
,,,tcp,22,97.94.114.254/32
,,,tcp,22,183.87.61.58/32
,,,tcp,22,73.166.194.110/32
,,,tcp,3389,207.38.43.28/32
,,,tcp,3389,207.38.43.29/32
,,,tcp,3389,207.38.43.30/32
,,,tcp,3389,97.94.114.254/32
,,,tcp,3389,76.91.12.137/32
,,,tcp,3389,183.87.61.58/32
,,,icmp,N/A,207.38.43.28/32
,,Outbound
,,,All,All,0.0.0.0/0
SG-PD-EMBARCADARO-APP,sg-b21bc8cb
,,Inbound
,,,tcp,20319,10.0.0.0/8
,,,tcp,5567,10.0.0.0/8
,,,tcp,5580,10.0.0.0/8
,,,tcp,8081,10.0.0.0/8
,,Outbound
,,,All,All,0.0.0.0/0
SG-PD-OPTUM-APP,sg-b2c5c2c2
,,Inbound
,,,tcp,443,10.0.0.0/8
,,Outbound
,,,All,All,0.0.0.0/0
SG-PD-CSI-DB,sg-b379ecc3
,,Inbound
,,,tcp,3306,10.57.4.83/32
,,Outbound
,,,All,All,0.0.0.0/0
SG-DV-TIER-APP,sg-b395dcd5
,,Inbound
,,,All,All,10.0.0.0/8
,,,All,All,0.0.0.0/0
,,,All,All,sg-b395dcd5
,,Outbound
,,,All,All,10.0.0.0/8
,,,All,All,207.38.106.51/32
,,,All,All,sg-45a0e923
,,,All,All,sg-b395dcd5
ICMP-TEST,sg-b52529cc
,,Inbound
,,,icmp,N/A,69.75.242.66/32
,,Outbound
,,,All,All,0.0.0.0/0
SG-DV-Label__Lic,sg-b5c882c9
,,Inbound
,,,tcp,81,10.57.56.44/32
,,Outbound
,,,All,All,0.0.0.0/0
SG-TS-ALL,sg-b62f41cf
,,Inbound
,,,All,All,10.0.0.0/8
,,Outbound
,,,All,All,0.0.0.0/0
SG-DV-QLView-APP,sg-b6dfebcf
,,Inbound
,,,tcp,4545,10.0.0.0/8
,,,tcp,80,10.0.0.0/8
,,,tcp,5050,10.0.0.0/8
,,,tcp,4432,10.0.0.0/8
,,,tcp,4555,10.0.0.0/8
,,,tcp,4248,10.0.0.0/8
,,,tcp,9028,10.0.0.0/8
,,,tcp,443,10.0.0.0/8
,,,icmp,N/A,10.57.133.18/32
,,,tcp,4900,10.0.0.0/8
,,,tcp,4748,10.0.0.0/8
,,,tcp,4570,10.0.0.0/8
,,,tcp,4444,10.0.0.0/8
,,,tcp,4949,10.0.0.0/8
,,,tcp,4899,10.0.0.0/8
,,,tcp,5151,10.0.0.0/8
,,Outbound
,,,All,All,0.0.0.0/0
SG-TS-TIER-PRIVATE,sg-b75ae5ce
,,Inbound
,,,tcp,80,10.0.0.0/11
,,,tcp,80,10.32.0.0/12
,,,tcp,80,10.48.0.0/13
,,,tcp,80,10.56.0.0/16
,,,tcp,80,10.58.0.0/15
,,,tcp,80,10.60.0.0/14
,,,tcp,80,10.64.0.0/10
,,,tcp,80,10.128.0.0/9
,,,All,All,sg-b75ae5ce
,,,tcp,443,10.0.0.0/11
,,,tcp,443,10.32.0.0/12
,,,tcp,443,10.48.0.0/13
,,,tcp,443,10.56.0.0/16
,,,tcp,443,10.58.0.0/15
,,,tcp,443,10.60.0.0/14
,,,tcp,443,10.64.0.0/10
,,,tcp,443,10.128.0.0/9
,,Outbound
,,,All,All,0.0.0.0/0
SG-MES-Web,sg-b7ffbcd0
,,Inbound
,,,All,All,10.0.0.0/8
,,Outbound
,,,All,All,0.0.0.0/0
JDE-App,sg-b97b4ddf
,,Inbound
,,,All,All,10.0.0.0/8
,,,All,All,172.30.1.0/24
,,Outbound
,,,All,All,0.0.0.0/0
SG-TS-LCP-SYMANTEC-MSS-Managment,sg-bb259ac3
,,Inbound
,,,tcp,2222,65.197.254.5/32
,,,tcp,2222,192.251.86.32/32
,,,tcp,2222,198.6.48.235/32
,,,tcp,2222,199.43.188.10/32
,,,tcp,2222,213.156.160.99/32
,,,tcp,443,65.197.254.5/32
,,,tcp,443,192.251.86.32/32
,,,tcp,443,198.6.48.235/32
,,,tcp,443,199.43.188.10/32
,,,tcp,443,213.156.160.99/32
,,,udp,514,10.57.96.0/19
,,Outbound
,,,All,All,0.0.0.0/0
SG-DV-EW-AirWatch1,sg-bd0364c5
,,Inbound
,,,tcp,2001,10.57.64.70/32
,,,tcp,2001,10.57.88.188/32
,,,tcp,2001,10.57.66.31/32
,,Outbound
,,,All,All,0.0.0.0/0
SG-DriveWorks,sg-be19ded8
,,Inbound
,,,All,All,10.0.0.0/8
,,Outbound
,,,All,All,0.0.0.0/0
launch-wizard-9,sg-be4c0bc7
,,Inbound
,,,tcp,3389,0.0.0.0/0
,,Outbound
,,,All,All,0.0.0.0/0
SG-PD-MGMT-ALLOW_ALL_FROMONPREM,sg-beb011c7
,,Inbound
,,,All,All,10.32.0.0/12
,,,All,All,10.48.0.0/13
,,,All,All,10.56.0.0/16
,,,All,All,10.58.0.0/15
,,,All,All,10.60.0.0/14
,,,All,All,10.64.0.0/10
,,,All,All,10.128.0.0/9
,,,All,All,10.0.0.0/8
,,Outbound
SG-PD-Xmetal-WebAccess,sg-beb994c2
,,Inbound
,,,tcp,81,10.0.0.0/8
,,Outbound
,,,All,All,0.0.0.0/0
SG-DV-TIBCO-APP,sg-bf026ad9
,,Inbound
,,,All,All,sg-bf026ad9
,,Outbound
,,,tcp,1433,sg-29046c4f
,,,All,All,sg-bf026ad9
SG-PD-MGMT-TBIRD-ALLOPEN,sg-bf292ed9
,,Inbound
,,,All,All,10.0.0.0/8
,,Outbound
,,,All,All,0.0.0.0/0
SG-SS-MGMT-RDPSSH-IN,sg-c00961a6
,,Inbound
,,,All,All,0.0.0.0/0
,,,tcp,22,10.0.0.0/8
,,,tcp,3389,10.0.0.0/8
,,Outbound
,,,tcp,22,0.0.0.0/0
,,,tcp,3389,0.0.0.0/0
CloudEndure Replicator Security Group,sg-c05e1fa6
,,Inbound
,,,tcp,1500,0.0.0.0/0
,,,icmp,N/A,0.0.0.0/0
,,Outbound
,,,tcp,80,0.0.0.0/0
,,,udp,53,0.0.0.0/0
,,,tcp,443,0.0.0.0/0
SG-TS-ATACCAMA APP Access,sg-c17a35bf
,,Inbound
,,,tcp,8083,10.0.0.0/8
,,,tcp,8443,10.0.0.0/8
,,,tcp,8009,10.0.0.0/8
,,,tcp,9990,10.0.0.0/8
,,,tcp,9993,10.0.0.0/8
,,Outbound
,,,All,All,0.0.0.0/0
edwards-prod-qlik-security-groups-AsgSecurityGroup-1DJ5TUUW5EK33,sg-c3e327bd
,,Inbound
,,,tcp,80,0.0.0.0/0
,,,tcp,80,sg-dee82ca0
,,,tcp,8080,0.0.0.0/0
,,,tcp,22,10.0.0.0/8
,,,tcp,4248,0.0.0.0/0
,,,tcp,4248,sg-dee82ca0
,,,tcp,4244,0.0.0.0/0
,,,tcp,4244,sg-dee82ca0
,,,tcp,443,0.0.0.0/0
,,,tcp,443,sg-dee82ca0
,,Outbound
,,,All,All,0.0.0.0/0
SG-JDE-VDI,sg-c408cfa2
,,Inbound
,,,All,All,10.0.0.0/8
,,Outbound
,,,All,All,0.0.0.0/0
launch-wizard-11,sg-c4297abd
,,Inbound
,,,tcp,3389,0.0.0.0/0
,,Outbound
,,,All,All,0.0.0.0/0
SG-SS-APP-IRVINE902,sg-c4c28cbd
,,Inbound
,,,All,All,10.48.15.0/24
,,,All,All,sg-c4c28cbd
,,Outbound
,,,All,All,0.0.0.0/0
SG-LCP-SYMANTEC-MSS-Managment,sg-c52699bd
,,Inbound
,,,tcp,2222,65.197.254.5/32
,,,tcp,2222,192.251.86.32/32
,,,tcp,2222,198.6.48.235/32
,,,tcp,2222,199.43.188.10/32
,,,tcp,2222,213.156.160.99/32
,,,tcp,443,65.197.254.5/32
,,,tcp,443,192.251.86.32/32
,,,tcp,443,198.6.48.235/32
,,,tcp,443,199.43.188.10/32
,,,tcp,443,213.156.160.99/32
,,,udp,514,10.57.128.0/21
,,Outbound
,,,All,All,0.0.0.0/0
launch-wizard-12,sg-c52e7dbc
,,Inbound
,,,tcp,3389,0.0.0.0/0
,,Outbound
,,,All,All,0.0.0.0/0
ss-biztalk-dmz,sg-c54038bc
,,Inbound
,,,tcp,4084,10.0.0.0/8
,,Outbound
,,,All,All,0.0.0.0/0
SG-BASTION-TEMP,sg-c5e30ba3
,,Inbound
,,,All,All,10.0.0.0/8
,,Outbound
,,,All,All,0.0.0.0/0
launch-wizard-20,sg-c703f7ba
,,Inbound
,,,tcp,22,0.0.0.0/0
,,Outbound
,,,All,All,0.0.0.0/0
SG-TS-MGMT-PAN-SSH-HTTPS-INTERNAL,sg-c8d073b1
,,Inbound
,,,tcp,22,10.0.0.0/8
,,,tcp,443,10.0.0.0/8
,,Outbound
,,,All,All,0.0.0.0/0
MES-DB,sg-c8d0aaaf
,,Inbound
,,,All,All,10.0.0.0/8
,,,All,All,sg-c8d0aaaf
,,Outbound
,,,All,All,0.0.0.0/0
SG-TS-SAS,sg-ca9707b1
,,Inbound
,,,tcp,61624,10.0.0.0/8
,,,tcp,8548,10.0.0.0/8
,,,tcp,8448,10.0.0.0/8
,,,tcp,9440,10.0.0.0/8
,,,udp,7469,10.0.0.0/8
,,,tcp,6059,10.0.0.0/8
,,,tcp,2152,10.0.0.0/8
,,,tcp,6973,10.0.0.0/8
,,,tcp,8084,10.0.0.0/8
,,,tcp,9369,10.0.0.0/8
,,,tcp,8184,10.0.0.0/8
,,,tcp,7088,10.0.0.0/8
,,,tcp,8829,10.0.0.0/8
,,,tcp,7073,10.0.0.0/8
,,,tcp,10029,10.0.0.0/8
,,,tcp,41423,10.0.0.0/8
,,,tcp,8561,10.0.0.0/8
,,,tcp,25,10.0.0.0/8
,,,tcp,8119,10.0.0.0/8
,,,tcp,7450,10.0.0.0/8
,,,udp,8569,10.0.0.0/8
,,,tcp,11107,10.0.0.0/8
,,,tcp,8639,10.0.0.0/8
,,,tcp,5669,10.0.0.0/8
,,Outbound
,,,tcp,8561,0.0.0.0/0
PLM-Folder-Server-Access,sg-cb19b5b5
,,Inbound
,,,tcp,65535,10.38.5.48/32
,,Outbound
,,,All,All,0.0.0.0/0
default,sg-cc115db4
,,Inbound
,,,All,All,sg-cc115db4
,,Outbound
,,,All,All,0.0.0.0/0
SG-TS-MGMT-ALLTRAFFIC-OUT,sg-cd3850ab
,,Inbound
,,Outbound
,,,All,All,0.0.0.0/0
edwards-prod-qlik-security-groups-AsgClientSecurityGroup-W47L5830UYD8,sg-cdee2ab3
,,Inbound
,,,tcp,80,0.0.0.0/0
,,,tcp,443,0.0.0.0/0
,,Outbound
,,,All,All,0.0.0.0/0
SG-DV-BIZTALK-APP,sg-ce95dca8
,,Inbound
,,Outbound
Nothing,sg-ceb12ca9
,,Inbound
,,,All,All,10.0.0.0/8
,,Outbound
SG-Treadstone-App,sg-cf013ba8
,,Inbound
,,,All,All,10.0.0.0/8
,,Outbound
,,,All,All,0.0.0.0/0
packer_5aa70a5e-6a79-437f-e640-de905d503c36,sg-cfc5fdb0
,,Inbound
,,,tcp,22,0.0.0.0/0
,,Outbound
,,,All,All,0.0.0.0/0
SG-SB-WorkSpaces,sg-d0196eb6
,,Inbound
,,Outbound
,,,All,All,0.0.0.0/0
SG-PD-TRAFFIC-QLKAPP02,sg-d025e9a8
,,Inbound
,,,tcp,4774,10.250.1.170/32
,,,tcp,4750,10.250.1.170/32
,,,tcp,80,10.250.1.170/32
,,,tcp,4747,10.250.1.170/32
,,,tcp,4735,10.250.1.170/32
,,,tcp,4720,10.250.1.170/32
,,,tcp,4799,10.250.1.170/32
,,,tcp,4749,10.250.1.170/32
,,,tcp,4780,10.250.1.170/32
,,,tcp,4730,10.250.1.170/32
,,Outbound
,,,All,All,0.0.0.0/0
SG-PD-MGMT-INTERNETACCESS,sg-d039e5a9
,,Inbound
,,Outbound
,,,All,All,0.0.0.0/0
mes-db,sg-d0da65b7
,,Inbound
,,,tcp,1433,10.0.0.0/8
,,,All,All,10.0.0.0/8
,,Outbound
,,,All,All,0.0.0.0/0
SG-DV-ATACCAMA App,sg-d19ed1af
,,Inbound
,,,tcp,8083,10.0.0.0/8
,,,tcp,8443,10.0.0.0/8
,,,tcp,8009,10.0.0.0/8
,,,tcp,9990,10.0.0.0/8
,,,tcp,9993,10.0.0.0/8
,,Outbound
,,,All,All,0.0.0.0/0
SG-TS-TIBCO-APP,sg-d2056db4
,,Inbound
,,,All,All,sg-d2056db4
,,Outbound
,,,tcp,1433,sg-7b18701d
,,,All,All,sg-d2056db4
SG-TS-ALL-ALL,sg-d25adaab
,,Inbound
,,,All,All,0.0.0.0/0
,,Outbound
,,,All,All,0.0.0.0/0
SG-ELS-Default,sg-d2de15b4
,,Inbound
,,,All,All,10.0.0.0/8
,,Outbound
,,,All,All,0.0.0.0/0
SG-WIP-APP,sg-d2f0edb5
,,Inbound
,,,All,All,10.0.0.0/8
,,Outbound
,,,All,All,0.0.0.0/0
asadmin-common-security-groups-FeServerSecurityGroup-OTJFF0UBIHL,sg-d2f2e6ad
,,Inbound
,,,tcp,80,0.0.0.0/0
,,,tcp,4248,0.0.0.0/0
,,,tcp,4244,0.0.0.0/0
,,,tcp,443,0.0.0.0/0
,,Outbound
,,,All,All,0.0.0.0/0
SG-JDE-VDI,sg-d34d72b4
,,Inbound
,,,All,All,10.0.0.0/8
,,Outbound
,,,All,All,0.0.0.0/0
launch-wizard-23,sg-d357f4ae
,,Inbound
,,,tcp,22,0.0.0.0/0
,,Outbound
,,,All,All,0.0.0.0/0
launch-wizard-26,sg-d35ccda3
,,Inbound
,,,tcp,22,0.0.0.0/0
,,Outbound
,,,All,All,0.0.0.0/0
SG-DV-MES-PROTECTED,sg-d3ebc7b5
,,Inbound
,,Outbound
SG-WIP-APP,sg-d3f3eeb4
,,Inbound
,,,All,All,10.0.0.0/8
,,Outbound
,,,All,All,0.0.0.0/0
SG-TS-ALLOW_HTTPS,sg-d43b50aa
,,Inbound
,,,tcp,443,0.0.0.0/0
,,,tcp,443,::/0
,,Outbound
,,,All,All,0.0.0.0/0
CloudEndure Replicator Security Group,sg-d5265cb3
,,Inbound
,,,tcp,1500,0.0.0.0/0
,,Outbound
,,,tcp,80,0.0.0.0/0
,,,udp,53,0.0.0.0/0
,,,tcp,443,0.0.0.0/0
JDE,sg-d5bd27b2
,,Inbound
,,,All,All,10.0.0.0/8
,,,All,All,0.0.0.0/0
,,,All,All,172.31.0.0/16
,,Outbound
,,,All,All,0.0.0.0/0
launch-wizard-3,sg-d62a92af
,,Inbound
,,,tcp,3389,0.0.0.0/0
,,Outbound
,,,All,All,0.0.0.0/0
SG-PD-ARAS-MSSQL,sg-d687e5ae
,,Inbound
,,,tcp,1433,10.57.26.113/32
,,,tcp,1433,10.57.14.220/32
,,,tcp,1433,10.57.8.96/32
,,,tcp,1433,10.57.30.226/32
,,,tcp,1433,10.57.134.68/32
,,,All,All,sg-d687e5ae
,,Outbound
,,,All,All,0.0.0.0/0
SG-JDE-DB,sg-d81822bf
,,Inbound
,,,All,All,10.0.0.0/8
,,Outbound
,,,All,All,0.0.0.0/0
SG-PD-TIER-DMZ,sg-d964d4a0
,,Inbound
,,,All,All,10.0.0.0/8
,,,All,All,0.0.0.0/0
,,Outbound
,,,All,All,0.0.0.0/0
SG-BASTION-TEMP,sg-d9e40cbf
,,Inbound
,,,All,All,10.0.0.0/8
,,Outbound
,,,All,All,0.0.0.0/0
SG-SS-TRAFFIC-QLKAPP02,sg-db23efa3
,,Inbound
,,,tcp,4774,10.250.1.170/32
,,,tcp,4750,10.250.1.170/32
,,,tcp,80,10.250.1.170/32
,,,tcp,4747,10.250.1.170/32
,,,tcp,4735,10.250.1.170/32
,,,tcp,4720,10.250.1.170/32
,,,tcp,4799,10.250.1.170/32
,,,tcp,4749,10.250.1.170/32
,,,tcp,4780,10.250.1.170/32
,,,tcp,4730,10.250.1.170/32
,,Outbound
,,,All,All,0.0.0.0/0
SG-PD-ELB-QLIKVIEW,sg-dca490ba
,,Inbound
,,,tcp,80,0.0.0.0/0
,,,tcp,80,sg-dca490ba
,,Outbound
,,,All,All,0.0.0.0/0
SG-PLM-DB,sg-dce70fba
,,Inbound
,,,All,All,10.0.0.0/8
,,Outbound
,,,All,All,0.0.0.0/0
bubble-private-tier,sg-dd38eda7
,,Inbound
,,,All,All,sg-dd38eda7
,,,tcp,3389,sg-b137bdc9
,,Outbound
,,,All,All,0.0.0.0/0
launch-wizard-7,sg-ddfb7da4
,,Inbound
,,,tcp,22,0.0.0.0/0
,,Outbound
,,,All,All,0.0.0.0/0
packer-test,sg-deae50a0
,,Inbound
,,,tcp,8834,10.57.128.124/32
,,Outbound
,,,All,All,0.0.0.0/0
edwards-prod-qlik-security-groups-FeServerSecurityGroup-OKYDPIH182OG,sg-dee82ca0
,,Inbound
,,,tcp,80,10.0.0.0/8
,,,tcp,4248,10.0.0.0/8
,,,tcp,4244,10.0.0.0/8
,,,tcp,443,10.0.0.0/8
,,Outbound
,,,All,All,0.0.0.0/0
launch-wizard-18,sg-deffa0a4
,,Inbound
,,,tcp,22,0.0.0.0/0
,,,tcp,22,::/0
,,,icmp,N/A,219.65.95.10/32
,,Outbound
,,,All,All,0.0.0.0/0
SG-TS-SNO-APP,sg-df47f2af
,,Inbound
,,Outbound
,,,tcp,636,10.57.129.29/32
,,,tcp,636,10.57.128.46/32
,,,tcp,636,10.57.128.47/32
,,,tcp,636,10.57.128.49/32
,,,tcp,636,10.48.15.231/32
RDP-In-only,sg-dfb9a6b9
,,Inbound
,,,tcp,3389,0.0.0.0/0
,,Outbound
SG-DV-MGMT-RDPSSH-IN,sg-e1274f87
,,Inbound
,,,tcp,22,0.0.0.0/0
,,,tcp,3389,0.0.0.0/0
,,Outbound
,,,tcp,22,0.0.0.0/0
,,,tcp,3389,0.0.0.0/0
SG-DV-MGMT-HTTP-IN,sg-e1772a98
,,Inbound
,,,tcp,80,10.0.0.0/8
,,Outbound
,,,All,All,0.0.0.0/0
SG-SS-JDE-DMZ,sg-e20b3784
,,Inbound
,,Outbound
SG-SS-JDE-PROTECTED,sg-e40b3782
,,Inbound
,,Outbound
SG-TS-MGMT-INTERNETACCESS,sg-e4114482
,,Inbound
,,Outbound
,,,All,All,0.0.0.0/0
packer-test,sg-e4a9579a
,,Inbound
,,,tcp,8834,10.0.0.0/8
,,Outbound
,,,All,All,0.0.0.0/0
SG-PD-SEC-ALLOWALL,sg-e6d9099e
,,Inbound
,,,tcp,65535,10.57.0.0/18
,,,udp,65535,10.57.0.0/18
,,,icmp,N/A,10.57.0.0/18
,,Outbound
,,,All,All,0.0.0.0/0
tc_test,sg-e76a309f
,,Inbound
,,,All,All,0.0.0.0/0
,,,All,All,::/0
,,Outbound
,,,All,All,0.0.0.0/0
SG-TS-Exchange Access,sg-e7a67796
,,Inbound
,,,tcp,80,0.0.0.0/0
,,,tcp,80,::/0
,,,tcp,475,10.0.0.0/8
,,,tcp,995,10.0.0.0/8
,,,tcp,143,10.0.0.0/8
,,,tcp,465,10.0.0.0/8
,,,udp,53,10.0.0.0/8
,,,tcp,0,10.0.0.0/8
,,,tcp,443,0.0.0.0/0
,,,tcp,443,::/0
,,,tcp,9389,10.0.0.0/8
,,,tcp,5986,10.0.0.0/8
,,,tcp,444,10.0.0.0/8
,,,tcp,110,10.0.0.0/8
,,,tcp,25,0.0.0.0/0
,,,tcp,25,10.0.0.0/8
,,,tcp,25,::/0
,,,tcp,50636,10.0.0.0/8
,,,tcp,135,10.0.0.0/8
,,,udp,5986,10.0.0.0/8
,,,tcp,53,10.0.0.0/8
,,,tcp,585,0.0.0.0/0
,,,tcp,585,::/0
,,,tcp,587,10.0.0.0/8
,,Outbound
,,,All,All,0.0.0.0/0
launch-wizard-15,sg-e8b4b891
,,Inbound
,,,tcp,22,0.0.0.0/0
,,Outbound
,,,All,All,0.0.0.0/0
launch-wizard-13,sg-e8e8c899
,,Inbound
,,,tcp,22,0.0.0.0/0
,,Outbound
,,,All,All,0.0.0.0/0
launch-wizard-5,sg-e94ace90
,,Inbound
,,,tcp,22,0.0.0.0/0
,,Outbound
,,,All,All,0.0.0.0/0
SG-PD-MES-DMZ,sg-e9e6ca8f
,,Inbound
,,Outbound
SG-DV-MES-APP,sg-ea37468c
,,Inbound
,,Outbound
,,,All,All,0.0.0.0/0
SG-TS-MGMT-CHECK_MK,sg-eab8c897
,,Inbound
,,,tcp,6556,10.0.0.0/8
,,Outbound
,,,All,All,0.0.0.0/0
SG-SS-OLB-Allow-ALL,sg-ebe40e91
,,Inbound
,,,All,All,10.0.0.0/8
,,Outbound
,,,All,All,0.0.0.0/0
SG-TS-MES-PRIVATE,sg-ebe4c88d
,,Inbound
,,Outbound
PDRFX,sg-eccfb596
,,Inbound
,,,tcp,995,10.48.160.41/32
,,,tcp,5060,10.0.0.0/8
,,Outbound
,,,All,All,0.0.0.0/0
SG-SS-MGMT-CORESERVICES,sg-ed08608b
,,Inbound
,,,udp,445,10.0.0.0/8
,,,udp,464,10.0.0.0/8
,,,tcp,464,10.0.0.0/8
,,,tcp,5722,10.0.0.0/8
,,,udp,139,10.0.0.0/8
,,,tcp,65535,10.0.0.0/8
,,,udp,389,10.0.0.0/8
,,,udp,53,10.0.0.0/8
,,,tcp,389,10.0.0.0/8
,,,udp,123,10.0.0.0/8
,,,tcp,445,10.48.164.120/30
,,,icmp,N/A,10.0.0.0/8
,,,tcp,3269,10.0.0.0/8
,,,tcp,65535,10.48.130.121/32
,,,tcp,88,10.0.0.0/8
,,,udp,162,10.48.130.121/32
,,,tcp,65535,10.48.41.50/32
,,,tcp,139,10.0.0.0/8
,,,tcp,25,10.0.0.0/8
,,,tcp,6005,10.0.0.0/8
,,,tcp,1688,10.0.0.0/8
,,,udp,68,10.0.0.0/8
,,,tcp,636,10.0.0.0/8
,,,tcp,53,10.0.0.0/8
,,,udp,88,10.0.0.0/8
,,Outbound
,,,tcp,443,10.0.0.0/8
SG-FTP-Vivek,sg-ed96c494
,,Inbound
,,,tcp,21,10.48.154.213/32
,,,tcp,21,10.48.14.203/32
,,,tcp,21,10.48.14.204/32
,,Outbound
,,,All,All,0.0.0.0/0
SG-PD-WEB,sg-eea84294
,,Inbound
,,,tcp,80,10.0.0.0/8
,,,tcp,443,10.0.0.0/8
,,Outbound
,,,All,All,0.0.0.0/0
SG-PD-Informatica-App,sg-f2b98c8a
,,Inbound
,,,tcp,6300,10.0.0.0/8
,,,tcp,9200,10.0.0.0/8
,,Outbound
,,,All,All,0.0.0.0/0
SG-SS-APP-BIZTALK-PRIVATETODMZ,sg-f2d30c8b
,,Inbound
,,Outbound
,,,All,All,207.38.43.76/32
Tibco,sg-f2d94a95
,,Inbound
,,,All,All,10.0.0.0/8
,,Outbound
,,,All,All,0.0.0.0/0
SG-SS-DMZ-TIER,sg-f35cf48a
,,Inbound
,,,All,All,10.0.0.0/8
,,,All,All,0.0.0.0/0
,,Outbound
,,,All,All,0.0.0.0/0
launch-wizard-4,sg-f647c38f
,,Inbound
,,,tcp,22,0.0.0.0/0
,,Outbound
,,,All,All,0.0.0.0/0
asadmin-common-security-groups-BackEndQlikviewSecurityGroup-147WX3S9UZ1C2,sg-f67e6289
,,Inbound
,,,tcp,80,sg-d2f2e6ad
,,,tcp,4248,sg-d2f2e6ad
,,,tcp,4244,sg-d2f2e6ad
,,,tcp,443,sg-d2f2e6ad
,,Outbound
,,,All,All,0.0.0.0/0
tibco-dev,sg-f6e38c91
,,Inbound
,,,All,All,10.0.0.0/8
,,Outbound
,,,All,All,0.0.0.0/0
SG-SS-TIER-PROTECTED,sg-f7262991
,,Inbound
,,,All,All,10.0.0.0/8
,,,All,All,sg-12292674
,,,All,All,sg-8a2728ec
,,Outbound
,,,All,All,10.0.0.0/8
,,,All,All,0.0.0.0/0
,,,All,All,sg-8a2728ec
packer_5aa97142-4131-4c6e-4905-fbee5822659a,sg-f7f0f388
,,Inbound
,,,tcp,22,0.0.0.0/0
,,Outbound
,,,All,All,0.0.0.0/0
test,sg-f88f129f
,,Inbound
,,,tcp,22,10.0.0.0/8
,,Outbound
,,,All,All,0.0.0.0/0
SG-SS-MGMT-INTERNETACCESS,sg-f92a259f
,,Inbound
,,Outbound
,,,All,All,0.0.0.0/0
SG-TS-HAProxy-ADFS,sg-f958d787
,,Inbound
,,,tcp,81,10.0.0.0/8
,,,tcp,22,10.0.0.0/8
,,,tcp,443,0.0.0.0/0
,,,tcp,443,::/0
,,Outbound
,,,All,All,0.0.0.0/0
ELB-HTTP-8088,sg-fa129283
,,Inbound
,,,tcp,8088,10.0.0.0/8
,,Outbound
,,,All,All,0.0.0.0/0
SG-SS-PLM-APP-ONPREM,sg-fb3ca082
,,Inbound
,,,All,All,10.0.0.0/11
,,,All,All,10.32.0.0/12
,,,All,All,10.48.0.0/13
,,,All,All,10.56.0.0/16
,,,All,All,10.58.0.0/15
,,,All,All,10.60.0.0/14
,,,All,All,10.64.0.0/10
,,,All,All,10.128.0.0/9
,,Outbound
,,,All,All,0.0.0.0/0
SG-TS-APP-MEX-ONPREM,sg-fb511682
,,Inbound
,,,All,All,10.0.0.0/11
,,,All,All,10.128.0.0/9
,,,All,All,10.32.0.0/12
,,,All,All,10.48.0.0/13
,,,All,All,10.56.0.0/16
,,,All,All,10.58.0.0/15
,,,All,All,10.60.0.0/14
,,,All,All,10.64.0.0/10
,,Outbound
,,,All,All,0.0.0.0/0
SG-NetApp-Ontap,sg-fb518c81
,,Inbound
,,,tcp,80,0.0.0.0/0
,,,tcp,80,::/0
,,,tcp,749,0.0.0.0/0
,,,tcp,749,::/0
,,,tcp,4046,0.0.0.0/0
,,,tcp,4046,::/0
,,,tcp,3260,0.0.0.0/0
,,,tcp,3260,::/0
,,,tcp,445,0.0.0.0/0
,,,tcp,445,::/0
,,,tcp,443,0.0.0.0/0
,,,tcp,443,::/0
,,,icmp,N/A,0.0.0.0/0
,,,icmp,N/A,::/0
,,,tcp,2049,0.0.0.0/0
,,,tcp,2049,::/0
,,,udp,635,0.0.0.0/0
,,,udp,635,::/0
,,,udp,162,0.0.0.0/0
,,,udp,162,::/0
,,,udp,4046,0.0.0.0/0
,,,udp,4046,::/0
,,,tcp,635,0.0.0.0/0
,,,tcp,635,::/0
,,,tcp,162,0.0.0.0/0
,,,tcp,162,::/0
,,,tcp,22,0.0.0.0/0
,,,tcp,22,::/0
,,,tcp,11105,0.0.0.0/0
,,,tcp,11105,::/0
,,,tcp,10000,0.0.0.0/0
,,,tcp,10000,::/0
,,,udp,2049,0.0.0.0/0
,,,udp,2049,::/0
,,,tcp,139,0.0.0.0/0
,,,tcp,139,::/0
,,,tcp,111,0.0.0.0/0
,,,tcp,111,::/0
,,,udp,111,0.0.0.0/0
,,,udp,111,::/0
,,Outbound
,,,tcp,65535,0.0.0.0/0
,,,tcp,65535,::/0
,,,udp,65535,0.0.0.0/0
,,,udp,65535,::/0
,,,icmp,N/A,0.0.0.0/0
,,,icmp,N/A,::/0
SG-PD-KCL-APP,sg-fcf58f8c
,,Inbound
,,,tcp,8083,10.0.0.0/8
,,,tcp,8009,10.0.0.0/8
,,,tcp,8446,10.0.0.0/8
,,,tcp,9990,10.0.0.0/8
,,,tcp,9993,10.0.0.0/8
,,,tcp,8081,10.0.0.0/8
,,Outbound
,,,All,All,0.0.0.0/0
SG-SS-MGMT-ALLTRAFFIC-OUT,sg-fd51b181
,,Inbound
,,Outbound
,,,All,All,0.0.0.0/0
SG-PD-SHG-APP,sg-fe4c7d87
,,Inbound
,,,All,All,10.0.0.0/8
,,Outbound
,,,All,All,0.0.0.0/0
SG-TS-TIBCO-EXTINT,sg-fe671698
,,Inbound
,,,All,All,10.48.16.79/32
,,,All,All,10.48.19.36/32
,,,All,All,10.48.19.52/32
,,,All,All,10.48.174.67/32
,,,All,All,10.48.194.21/32
,,,All,All,10.57.103.14/32
,,Outbound
SG-PD-TIER-PERIMETER,sg-fff64b86
,,Inbound
,,,All,All,0.0.0.0/0
,,Outbound
,,,All,All,0.0.0.0/0
